date,RSI_14D,PE_RATIO,PX_TO_BOOK_RATIO,BEST_EPS,WACC_COST_EQUITY,MOV_AVG_30D,EBITDA_MARGIN,NET_DEBT_PER_SHARE,NORMALIZED_ACCRUALS_CF_METHOD,VOLATILITY_90D,RSI_14D_no-fees,PE_RATIO_no-fees,PX_TO_BOOK_RATIO_no-fees,BEST_EPS_no-fees,WACC_COST_EQUITY_no-fees,MOV_AVG_30D_no-fees,EBITDA_MARGIN_no-fees,NET_DEBT_PER_SHARE_no-fees,NORMALIZED_ACCRUALS_CF_METHOD_no-fees,VOLATILITY_90D_no-fees,sequential,zscore_simple,zscore_weighted
2003-02-28,0.02417193950891524,-0.027036221154905532,-0.043832346242104095,-0.038521995471082086,-0.052737740385397844,-0.011557409894601016,-0.04934934380588883,-0.03975222392090149,-0.02476983066530629,0.02331177582202618,0.026093950122441777,-0.02508331958845561,-0.04192104287270366,-0.036719012221730365,-0.050821608018052467,-0.009663147945755263,-0.04749403478106859,-0.03789851349872285,-0.02291181614627863,0.025311304332407008,,0.04139938879088967,-0.032463489877154625
2003-03-31,0.07541497250452431,-0.034008031650392546,-0.05945087971553868,-0.0514067357752961,-0.07294081200478768,-0.04896545986101238,-0.06780805317444202,-0.053270291528285316,-0.03057489284106593,0.026690073825531464,0.07746320702587572,-0.031990052036146195,-0.057495913242824645,-0.049615853122063645,-0.07097853054362349,-0.04682243537159242,-0.06593790719420854,-0.05140256711873649,-0.028700648565677882,0.02933364942254788,,0.09010042263701488,-0.04222928344460235
2003-04-30,0.1465922388451964,-0.05491101459739497,-0.045563443976275264,-0.06557038666831819,-0.03632987792721058,-0.055586227383643806,-0.03784135106994581,-0.041389198714576275,0.03723146213110254,0.0006044922971706855,0.14893192976754105,-0.05098925814970499,-0.04154818382073458,-0.061693708450879424,-0.032304125558941604,-0.05307214131874116,-0.03386892155393678,-0.037420580841154794,0.04120610598357758,0.0038311024029344005,,0.1131739686847636,-0.0397054784397327
2003-05-30,0.1746289291078346,-0.06809691855017785,-0.0031553734676661865,-0.08512245997283759,0.001191362438947477,-0.0732037625866625,-0.029969141832866805,-0.04037347890667289,0.07412535530693079,-0.013738286206045332,0.17743505341856297,-0.06383986581569785,0.002538271567925715,-0.08103191093443504,0.0054355201206222475,-0.07033897387304566,-0.026014311647001756,-0.03633975374063137,0.07808074771378323,-0.009955490020160607,0.024254029537876892,0.13891912988178612,-0.012562728491421253
2003-06-30,0.22782021511582917,-0.08322462043397508,0.006304837671026138,-0.11148747120594713,-0.006219906706215552,-0.0731867099612998,-0.03585292752764008,-0.06350232325998417,0.09434118556163813,-0.015684893449521176,0.23100580725537692,-0.07791866010761528,0.0139069762363438,-0.10737796586934722,-0.0009524755711988499,-0.06993539799035758,-0.03183726024016674,-0.05928963585064606,0.09856633575227493,-0.01135290518797831,0.08422335506435406,0.2034891570440922,0.04752131832615542
2003-07-31,0.13151096788712863,-0.10052224202509384,0.011544803332359167,-0.12184206218815506,-0.009594050152178072,-0.0634917757172837,-0.031107961865137458,-0.06436267633742672,0.08122107316748395,-0.028726848726439075,0.13513347762937036,-0.09500456951717978,0.02103618308054974,-0.1177140176625859,-0.003981460493151241,-0.06002939196426464,-0.027115026112327648,-0.06017145960255026,0.08542135792858944,-0.023636885894853694,0.06410230370579088,0.1784768291703182,0.01024013213091221
2003-08-29,0.15664713291306312,-0.12419827079891117,0.020486207092738566,-0.1048585902563434,-0.012005547503984696,-0.08576681929963961,-0.03699574215674597,-0.08261012187816694,0.11471544103548897,-0.017408204179760953,0.16051424035498146,-0.11850668266476758,0.03115906715410134,-0.10034197197381163,-0.0057856380471851265,-0.08208722556719907,-0.03302784526165692,-0.0784425551594892,0.11895824030924765,-0.011821122222473814,0.1092272820750334,0.1868726825544048,0.01669025064123726
2003-09-30,0.17126189580909174,-0.12384395368146371,0.043495431610974467,-0.08982970522642793,0.031110436243004563,-0.06237553143119012,-0.057767902973897195,-0.04581716733895285,0.12408822402556174,0.0009126601088689824,0.175418725737824,-0.1162099589234238,0.055879980629342164,-0.08498821739725664,0.03768911077522538,-0.05849483519377248,-0.053666498191849286,-0.04138747626115324,0.12865495888488432,0.006896155489812601,0.15226903328216146,0.18876270130185438,0.021287265220019884
2003-10-31,0.16272087926443662,-0.14928028176003666,0.04966670940345603,-0.06729593043367663,0.04205777778097901,-0.07126443156841471,-0.05655996453089548,-0.0472938803990802,0.1300891292325841,-0.009981593941625757,0.1673431628281548,-0.13968182447119026,0.06309843986937236,-0.06219629727501946,0.04859033026099484,-0.06716734094228403,-0.05249372198723512,-0.04282346501964134,0.134617401041623,-0.003393768779284708,0.16735320426275532,0.21816994372328485,0.04390806281458632
2003-11-28,0.14571683218535858,-0.1750969485397788,0.037967108327702725,-0.07922605947753306,0.055869433888090014,-0.060548666792124076,-0.035572483447693204,-0.056053623520084396,0.13564829233358527,0.006126877404134437,0.1508280649952171,-0.16550318181589613,0.051764819233279816,-0.07392452271609956,0.06263764671463427,-0.05611549419911513,-0.031518097341448344,-0.05159440693174307,0.140163594696724,0.013474036327690144,0.15734631034656651,0.22045421089634476,0.034839183784250286
2003-12-31,0.15273697003156192,-0.1868457586753779,0.06607195642571198,-0.10094070886969522,0.0733840465151856,-0.05757166992957323,-0.0297025346288119,-0.04818017990780603,0.1363819186317345,0.04011082297266247,0.15812350841677433,-0.1752647371103775,0.08180147629272574,-0.09549841525243309,0.08123838073842758,-0.052740560906454556,-0.025579009821831013,-0.04344397217532914,0.14128019897517893,0.04793709495378462,0.14452189815591224,0.2643575081040045,0.023619510455073024
2004-01-30,0.18965006086464492,-0.16293731457502525,0.059045310058550605,-0.08429293053149485,0.11430118131237195,-0.05842997375648509,-0.049657775005238367,-0.05725690918834717,0.21959461045420892,0.08803846975790544,0.19519311600425615,-0.14944324187388117,0.07664617793541803,-0.07859942269822748,0.12331948433375393,-0.053254420846522876,-0.045561667119383475,-0.052546597630367536,0.22446290014676618,0.09620009428119689,0.1685816498715091,0.2716012207510546,0.04128679736761488
2004-02-27,0.16457202694750137,-0.20250724978567494,0.08698947641952189,-0.06963430138230764,0.09918154310197436,-0.04949089158791475,-0.06187432347141626,-0.04451010332866457,0.2161197077969827,0.06292501830304745,0.17044185070908344,-0.18707972763914266,0.10502295544232594,-0.06392843663661937,0.10815271949380834,-0.0441088660170773,-0.05779336681917227,-0.039814102604043396,0.22097142395250252,0.07128852113587,0.17466640101795589,0.2768380251878991,0.03674213901464723
2004-03-31,0.15251029640904593,-0.19075245041751043,0.0797447553389099,-0.08368047464077025,0.08924488249837921,-0.05287693842956604,-0.06179197572052242,-0.03787922671147311,0.1955228623103519,0.08272892280091824,0.15893776075567131,-0.17440566106376051,0.09936672153005377,-0.07798038218263544,0.09953447516099093,-0.047304352762608366,-0.05708969513101332,-0.03271626777036109,0.20109114975826556,0.09135313364085354,0.15089550472791863,0.2865504930521354,0.022077699053619653
2004-04-30,0.13380001351607948,-0.2281278420433241,0.07294893984970674,-0.0860302074164075,0.06667181608314056,-0.07005801628415988,-0.04557945200918042,-0.03666299239176737,0.14341676147114105,0.07558156230739693,0.14049772572673613,-0.20984381140337077,0.09402220654746946,-0.08032235574576661,0.07733035413460826,-0.06409221401218905,-0.04088668525592038,-0.031509019578693266,0.14897464198312516,0.08433924675455921,0.15044043246052793,0.3077463536679987,0.025090747922914516
2004-05-31,0.08548554261954805,-0.21984184056913406,0.06263071139414914,-0.07997936173297714,0.0736414584294901,-0.05480637203961442,-0.035036353738821024,-0.04750379557051722,0.12478893152463373,0.0645461476895131,0.0923858339673521,-0.2005426991675444,0.08518506353129511,-0.07428259860543779,0.08480935867211661,-0.04856773472462215,-0.0303299909430211,-0.04233698085267682,0.13041708328486107,0.07349671048176626,0.1214784953556494,0.2980568054790006,0.03658239177382894
2004-06-30,0.06233699991618481,-0.22576033290143274,0.06909534059361902,-0.10485339530513256,0.06255162164782495,-0.06207985190097052,-0.01897608478492555,-0.04680478354948271,0.09434517319145194,0.0493484498119392,0.06958137021998662,-0.20493680340843717,0.09294245458456413,-0.09893962948461231,0.07413036404528511,-0.05557383372488676,-0.0141442420802506,-0.04151289371056584,0.1002761669430926,0.05857626850888886,0.07901016508877315,0.31680958251861063,0.058450437856488485
2004-07-30,0.043147638744761276,-0.2321630312793036,0.06758674136828537,-0.12291621826305349,0.07875901790517303,-0.021338074773321634,-0.01028623646999923,-0.03481242172963575,0.07457354699906323,0.056015073747694696,0.05064813635316583,-0.2093430089341996,0.09317353719298148,-0.11687978672768776,0.09066044452934177,-0.014518918134570617,-0.005439992253428687,-0.029506929193925946,0.0805202941868218,0.06564671822419199,0.06609770109616894,0.3385060308392558,0.0657606980860659
2004-08-31,0.0049443818628082045,-0.24383443683498113,0.04714721109507547,-0.11813214776379923,0.09696202806371865,-0.011485612124079204,0.003573233543832535,-0.023421997907209544,0.061927966631989365,0.06200747429994084,0.012697758340449374,-0.21916420307279671,0.07437025232783825,-0.11196538996677152,0.1100492324347413,-0.004355460392682281,0.008496661444550807,-0.018039856800699083,0.06788526679239568,0.07204201476328649,0.06945906331466925,0.33871592617243373,0.05900413450989655
2004-09-30,0.03994578672294126,-0.2698480357894353,0.06437657707363291,-0.11157304996369119,0.13647441903630866,-0.009082008477810204,0.023732894579520304,-0.03593512401566968,0.07719774537709553,0.08221664953751137,0.047853955406048865,-0.24347220359494828,0.09329623800192163,-0.10519493288594561,0.15095045279431307,-0.0017522932561274667,0.02893976702315631,-0.03011214008982139,0.08379490369147224,0.09266123160940071,0.08165481450273764,0.3443535535165825,0.08559268725810829
2004-10-29,0.03953656941153828,-0.2910723296753023,0.08075696651556553,-0.1140699427000928,0.1448917076540484,-0.01761725722615181,0.033626158187400515,-0.04434378258042322,0.11375016002883208,0.08623632220351551,0.047665042506419855,-0.2637930896927352,0.11157958087002895,-0.10754916136255616,0.16073115854851797,-0.00995580639482562,0.03882653821034468,-0.03852693095726395,0.12034021645450704,0.09697291045317309,0.08744070085880284,0.3510137712220968,0.07631221967753091
2004-11-30,0.042879554299375705,-0.3096050317511482,0.1152332552346428,-0.11404769126953826,0.17005288876425068,-0.03897760149540585,0.03198854726225719,-0.05536909525942263,0.11940376253701859,0.06850144470353056,0.05128851957828591,-0.28083921812445134,0.14770496861374513,-0.10730747848789603,0.18687098395181995,-0.03110550092459407,0.037241419620018146,-0.04956795159200733,0.12597562740251084,0.07961843963068316,0.09543943528948942,0.36324108119959714,0.08463572649012688
2004-12-31,0.054197504031400376,-0.30708281837902857,0.12426508045878179,-0.13216809528163098,0.1875836380101069,-0.04063045025128602,0.042658467836368806,-0.06961082865983219,0.14120876976638475,0.06201631944438049,0.062827822623929,-0.2767624242778469,0.15806925878778805,-0.1254183150564504,0.2053140904180651,-0.03247891324555824,0.04796061842426298,-0.06368902951655811,0.14848977510068864,0.07328411249700849,0.08594413120031626,0.3751262948076385,0.08533207210300801
2005-01-31,0.07640252561617199,-0.3123805354509719,0.16112915158594973,-0.11923367822524235,0.19887298893364563,-0.060964631447307516,0.053484143114577096,-0.05968616018584438,0.15500918016203907,0.09415131661657695,0.08518696811974101,-0.28094226392718397,0.19667266343819717,-0.11223789423816674,0.21758885344745818,-0.05260207739021974,0.058842937912462645,-0.053793973000590085,0.16225589155477443,0.1057209453663011,0.11800721681652727,0.3593633566996926,0.08678994252272493
2005-02-28,0.09679167216094897,-0.3255499689348744,0.1767931688193974,-0.12398992041969756,0.22250848750945115,-0.07056393357244285,0.03815612269653988,-0.06028999914568423,0.18178136333824302,0.12147635579304328,0.10586534686976762,-0.29219375280266424,0.2138081979997369,-0.11676733763408959,0.24208078552301923,-0.0619909938409272,0.043493858966375074,-0.05441770242568464,0.1890705142809963,0.13334698543680068,0.10867174841056393,0.37797722106819154,0.11176235495850405
2005-03-31,0.10153863292078805,-0.33946065617766574,0.16142574406940052,-0.12834886068368173,0.2466007097015457,-0.07802276735898586,0.03164459198687494,-0.051277450262486805,0.18829552850145856,0.1294181222228465,0.11088249928571077,-0.3046717658504259,0.20003058353902664,-0.12112701194337028,0.26744033119466076,-0.06912605870897176,0.037573168143647015,-0.044655200711510204,0.19666273679153712,0.14149995841080537,0.10015707985525342,0.3903349128411345,0.12555349883788072
2005-04-29,0.06982821631350156,-0.28423009621547873,0.16958929382071744,-0.12283055284580383,0.251363708496401,-0.08157979076954061,0.017325371174038297,-0.028006640375070883,0.19769746319638826,0.12734691321033326,0.07929623017762427,-0.24744581277355554,0.20948440024367582,-0.11562385694659846,0.27357289300357374,-0.07243588669402301,0.02333732105919626,-0.021366841959411055,0.20608499502399305,0.13962416201604436,0.09672341057969974,0.38934091023654904,0.14217349550992392
2005-05-31,0.0794257728278685,-0.27040412810600206,0.14247807657276648,-0.11696479576912992,0.23920218985275707,-0.08538030293914747,0.03740465938849581,-0.03601217840822619,0.19991068890267966,0.10860205286762764,0.08910372561008317,-0.23356073230291866,0.18362117152554863,-0.10967172552414908,0.26224018455788506,-0.07582569825962757,0.04340025174016765,-0.02938783021542525,0.2083469943201208,0.12115611218644179,0.10744352415036676,0.3839920353162228,0.15262457908152882
2005-06-30,0.09904205614874986,-0.25294533201082847,0.13562353980423617,-0.12613961743735574,0.22507567943530565,-0.08271008815255584,0.0596976061137243,-0.0504088461311723,0.20128162538097172,0.13429640665236156,0.109081965692674,-0.2142294443007266,0.17795914100561033,-0.11861587218544849,0.24900415598355635,-0.0729512436386885,0.0659054415027275,-0.04366297291300278,0.21011287355078614,0.14719969492994478,0.08349605938677485,0.40265205100448564,0.17876992914791937
2005-07-29,0.12523570606720508,-0.2725116616771518,0.13300401982970986,-0.12716148247958745,0.20334070885869923,-0.08727365073505884,0.05420701306075154,-0.0606338390182737,0.21094479375240577,0.16247688676775351,0.135796468769506,-0.23346093397712295,0.1764347717090294,-0.11941833959569978,0.22787927740272518,-0.07723033539880639,0.06039340449677938,-0.053908220311747135,0.21975258494452493,0.17603886787692102,0.08113792158021918,0.4492035626496466,0.17930619045771226
2005-08-31,0.13491654004784245,-0.28569638860830066,0.15718796973432234,-0.12122960559381991,0.2272011122544943,-0.07068699574518567,0.060279190747791686,-0.05639151479614192,0.191538454315914,0.17313161233090005,0.14569014948564882,-0.2459087123734639,0.20190565448719944,-0.11327732851002338,0.25287880062895074,-0.06049879124377376,0.06646052343450812,-0.04967067424301574,0.20040508905055665,0.18744291530840668,0.06541858197250935,0.4563048116648734,0.17982671027877065
2005-09-30,0.1293300958559962,-0.2831558218565184,0.15052838411827837,-0.13808461078748208,0.23852907566759596,-0.0841472628696426,0.037194987364317464,-0.05154362752475561,0.19589914872292963,0.16524031547042506,0.14024348881893106,-0.2414143000409827,0.19643991952229936,-0.1299066609460458,0.26517246097763325,-0.07379739279188381,0.0434165278744625,-0.04433615284549028,0.20555748165429205,0.18023356782745997,0.04923320972349861,0.44020347786669317,0.21850595144571028
2005-10-31,0.11890834225115424,-0.25865752296174493,0.16708249967166558,-0.1315404850920261,0.2772139963775589,-0.0746407959055718,0.05271548712374513,-0.051662846244421017,0.198865521694287,0.16356634812531398,0.1300777768010482,-0.21505580406217364,0.21410849067785798,-0.12338142543569301,0.3049962969482219,-0.06390724963784453,0.05896018953693705,-0.04443349439374632,0.20854919082386694,0.17912868259023534,0.05518040479715375,0.4278298796848792,0.23485858596140227
2005-11-30,0.10914869489778432,-0.25076968324602766,0.1666595417893522,-0.14742074644177824,0.2799091218505215,-0.08369180420773994,0.056666753386471855,-0.04830491107171547,0.2094005063219987,0.15991531122938893,0.12072295997719892,-0.20526092927993772,0.2152962554866937,-0.13913042253582827,0.30840841875735137,-0.07276266408830777,0.06290283270281474,-0.04102194111569646,0.21907474287211512,0.17587848082276408,0.04038372831527188,0.4503102854512256,0.25584429481639737
2005-12-30,0.09142291859387355,-0.2648682916561236,0.1463223453641562,-0.12323788584776538,0.26706319222454394,-0.08470502538497338,0.07223090755231604,-0.03838904444860276,0.18999684182748577,0.15277043376521576,0.10307047594449198,-0.21751495427476208,0.19613365358721419,-0.11471965240759677,0.29654660017288154,-0.07350154133354977,0.07852509819783068,-0.03090703872109478,0.19991019530939658,0.16907298199505844,0.0237688393282888,0.43886833866965136,0.2475073984006043
2006-01-31,0.05761787741398433,-0.2542965016374749,0.14764301038693267,-0.13599585786585017,0.27344671359851414,-0.09438653638580967,0.022197280175257482,-0.0404469039774483,0.20810053077539764,0.13014669373653193,0.06959681494477045,-0.20536260514855856,0.19879034890358713,-0.12731651990673087,0.3037635828083309,-0.08291367906670491,0.028464122693682918,-0.03292384165958782,0.21805805781655566,0.1469718964246558,0.014354151135989403,0.4286578834578172,0.26093900956812527
2006-02-28,0.04812319247127774,-0.2485595560502118,0.16724363542653775,-0.13561450526156948,0.32166784303980217,-0.11018007566464777,0.006782126312097091,-0.0654751976668787,0.23995223354334608,0.15260347192804383,0.06038092169717221,-0.1978735371067832,0.21974235735203893,-0.12691693833977416,0.3523261840103924,-0.09856461480647889,0.013096280549778565,-0.05797324674305169,0.2498853112416768,0.16998111457877887,0.022503468113155053,0.4275132109883827,0.2977273543835201
2006-03-31,0.0414414093568614,-0.2605946085498637,0.14830311543324268,-0.13446462356217295,0.3176072453419725,-0.10558322935327338,-0.022396073588048154,-0.05226111142127635,0.26681889959051475,0.14217318238585747,0.053978613334343443,-0.20853275191615978,0.201983144923202,-0.12554154377621937,0.349238616975721,-0.09369117930539136,-0.015723800976217422,-0.04407826025644239,0.2777598213880044,0.1598730019757726,0.017703129534797024,0.41850629922200966,0.3276297289820249
2006-04-28,0.024453199114077614,-0.27470928669203093,0.1724816834507604,-0.1406538119122011,0.3078463672457579,-0.10481418642696931,-0.015384956717449926,-0.06992438840176816,0.24554928023318884,0.14676811124996092,0.03724242761728077,-0.22204958504505032,0.2271875695568881,-0.13158540971570426,0.3401913559119827,-0.09256278210286287,-0.008722173072413117,-0.061750499874962186,0.2565403928519252,0.16485788408611995,-0.004474882768184106,0.42720265078087805,0.33044232850398514
2006-05-31,0.0021938520963580947,-0.25337735079696905,0.1560798115376853,-0.14573478271561302,0.3064904377413155,-0.11214612573197874,-0.02548216634553272,-0.052382977624081575,0.2578157002468592,0.14032658956219443,0.015103489012726741,-0.1986688175071321,0.21194748063350632,-0.13656839120072453,0.3399030453928638,-0.09965237421526713,-0.018782526764409203,-0.044174277465882886,0.2688471286073675,0.15867383103055302,-0.019461377113587953,0.41731358697300613,0.3321016753979805
2006-06-30,-0.010964735623154403,-0.2927812796074829,0.15089041690166535,-0.13495364337179402,0.30487355477490374,-0.13227649568037772,-0.0175923932546117,-0.05939151485751418,0.22772133463636554,0.1172919966916874,0.002266200683074291,-0.23710769801589515,0.20827961475459192,-0.12566377832876338,0.3393688689078542,-0.11958768139811382,-0.010814003744504568,-0.0511106967710509,0.23921788782894043,0.13630978356369222,-0.036453648427204714,0.41948119042164944,0.3617625931342084
2006-07-31,-0.02508156775915257,-0.29626501259568677,0.14037167848641588,-0.12083289450844893,0.322118752781417,-0.1374791051753693,-0.039930734277683705,-0.06211297110624994,0.2073456144046531,0.11187918643773337,-0.011382537926263777,-0.23951651139712984,0.1992305773884063,-0.11125663699695959,0.35722315842782804,-0.12445780192691185,-0.03314678480251795,-0.053826901451797145,0.21884824949717044,0.13170751122632066,-0.05861146511210022,0.4028543270352011,0.3583168705781815
2006-08-31,0.006078429835466113,-0.28223964455469364,0.1502789233791751,-0.10980410202110094,0.3341566291281059,-0.1411111623636063,-0.015785994235228668,-0.06995789412885717,0.19785112905405272,0.13889398959859744,0.02034325038265561,-0.22352111503397468,0.20970383479791316,-0.09987328416435338,0.3699501808364133,-0.1276132155991777,-0.008934729115872418,-0.06168269207037009,0.20941102370416168,0.15997528045260606,-0.03412914177814779,0.4238065327739408,0.40063377740517436
2006-09-29,-0.002805995663198271,-0.28767255642211564,0.15999192393775796,-0.10024777951299214,0.3388782323453788,-0.1240903911557738,-0.019857788803206468,-0.07128447845457339,0.17855400643568928,0.15513426407534972,0.011919521871866129,-0.227505808246905,0.2207675182137162,-0.09009847044847945,0.3754566904471021,-0.1102533768948146,-0.012882617435717414,-0.06227559925227337,0.19074668232383754,0.1769647416885543,-0.05470693852664811,0.4442405871643355,0.3815456730853194
2006-10-31,0.0026396080987235605,-0.27832072831286847,0.1790451029902901,-0.08245141409670718,0.3437335904297521,-0.13622193408154115,-0.04131760051892017,-0.07333866091738203,0.19591840252634832,0.16472140652690243,0.017714545174204357,-0.21618906463514725,0.24061678666994546,-0.07201852837110653,0.38067250267308195,-0.12216708739987696,-0.03435718021894871,-0.0643437145785389,0.2080949426086524,0.18730372985654184,-0.04080642013904509,0.4601891977141934,0.3913226751425821
2006-11-30,0.00044786274292548355,-0.27210712769965506,0.23113461907812727,-0.10003078286356973,0.33534587642849367,-0.14682224816460376,-0.039956522687666994,-0.053370415091933326,0.2151858333980145,0.15248484623965386,0.015938727163248824,-0.2100193398135524,0.2937146109948118,-0.08950907875719037,0.3725905536561883,-0.13250489696387704,-0.033006105502201996,-0.044304256893437796,0.22735143133573682,0.17593113694975143,0.006506896860417791,0.4683885616654705,0.38499105305353293
2006-12-29,0.02962689889294772,-0.29446997150056037,0.2203649070414837,-0.09870914531356033,0.4020832921788915,-0.14600564064268143,-0.04495923152772856,-0.0347753575553277,0.2872183077253383,0.17238270717485157,0.045831005713592256,-0.23062105059828647,0.28399986555816786,-0.087906659648057,0.4399911360844257,-0.13146789880040952,-0.03788958680606137,-0.025514371629848646,0.299639320286504,0.1963185909251854,0.0669460414972353,0.5100702469420386,0.40242191018422546
2007-01-31,0.02202332692360058,-0.3089972089189768,0.2297214154766723,-0.10024242686373105,0.4275436699431971,-0.16206735367549274,-0.049715563339425214,-0.030525194185582603,0.29919117151151453,0.17336716628049614,0.03897047175044613,-0.24345384715761492,0.29406205666618646,-0.08914678220030656,0.46579608766944525,-0.14739040508617618,-0.04266798825982693,-0.021285053755463197,0.31158804267009704,0.19778027017684663,0.04931061270999106,0.5234462252436587,0.43904163341538294
2007-02-28,0.03423943009349905,-0.3048460810050758,0.25493372416529786,-0.10005493216488762,0.43783802030566055,-0.1733843792251532,-0.05907885231291585,-0.015646043236555253,0.32112862806181397,0.1723498272149729,0.05166888301605477,-0.23822433277916122,0.32031401012828886,-0.08868348067262327,0.47662039447929283,-0.15837561510474968,-0.052030757884616266,-0.006405412264681288,0.33359360564060864,0.1970978945187458,0.08825976387959053,0.5600897707758851,0.45754179675293993
2007-03-30,0.048304597623553276,-0.3184205272644553,0.23766546023602808,-0.09287185903199421,0.4493096989192977,-0.18423312820800433,-0.06208704075250304,-0.005829011483749431,0.2947244273388849,0.1785563930872823,0.06638518360801139,-0.25025648435688175,0.3041734160345073,-0.08114764692151569,0.4887348454526264,-0.16894920680760717,-0.05477726551105935,0.003942398651931663,0.3079138806019019,0.20373630239938267,0.0542347769829459,0.5707178274957179,0.47576903504034523
2007-04-30,0.07839393807559145,-0.33237487559326684,0.26261442713972455,-0.09487882930869455,0.47310589175660844,-0.17802271126131994,-0.08621624077404372,0.018956844960822963,0.2837755544191214,0.18610504360110666,0.09698044195390707,-0.26346027829430085,0.33002682232785613,-0.08278508583863263,0.5133489402470178,-0.16233095169035086,-0.07892543039061406,0.028710342170753196,0.29694426252139583,0.2118918811344292,0.08582016365806999,0.5847597350224742,0.4694307294999929
2007-05-31,0.07091520749411934,-0.34737640946127524,0.28520169298696285,-0.11303643319205196,0.4630595599666976,-0.15613098699841704,-0.07587120515148132,0.03172512245809895,0.2960802884821868,0.19939125004914096,0.090074938401108,-0.2776129981757703,0.35384059207049395,-0.10065704056273894,0.5038895459211257,-0.14010436259182837,-0.06859462074625139,0.04146518276852609,0.3092334351600491,0.22558009102910792,0.07154853303632788,0.5770359553718499,0.4773472986366669
2007-06-29,0.11181658127966462,-0.3588880166814287,0.29288846972597277,-0.09948632911315887,0.4736688605402639,-0.14229510150506788,-0.10595434347651911,0.053134723892803035,0.28532846123069194,0.19499348563872088,0.13164460765649344,-0.2872519735013871,0.3624866213437134,-0.08683067197681672,0.515038770336898,-0.1260031856582765,-0.09867480700771915,0.06309688388742771,0.2990222222398841,0.22144230632919934,0.07588254581895745,0.5810102672906885,0.49918184302215624
2007-07-31,0.1131799182215947,-0.3655316789221336,0.3118110816693837,-0.10331629169324072,0.48827787242463816,-0.14155868640610486,-0.1355361854425391,0.06053229755154868,0.3036808322381106,0.19720369260933962,0.133526497563694,-0.293079463484897,0.3823733273438008,-0.0904042589453595,0.5299941669866475,-0.12507261022351895,-0.1282467573895393,0.07050380046944747,0.3173854133918075,0.22436604144077843,0.0815067817666426,0.5850955307630237,0.5142621224321291
2007-08-31,0.07718720790329488,-0.38329960387476214,0.26923474765435,-0.11668951670542169,0.4595393035947062,-0.12892260461767988,-0.11952408581558731,0.058368325233876694,0.32660557138899465,0.16487775486009187,0.09801359463625223,-0.3100353194966611,0.34082908201136913,-0.10359921541768619,0.5016947616715781,-0.1122438502249008,-0.11215169725387261,0.06835842390885814,0.34039742318311733,0.1925574728001324,0.06009657857777652,0.5571324417143522,0.524019765329818
2007-09-28,0.11819716197154514,-0.3855684261872025,0.28087474317517924,-0.12524123246191832,0.4569350248297439,-0.12011120538756122,-0.1275611427353121,0.0966975990792118,0.3372590630451585,0.1755427958568282,0.13942012528422937,-0.3108426074075388,0.35369544785150947,-0.111827523728129,0.4997737215967228,-0.10327016878478953,-0.1201140746632298,0.10725504048463659,0.3517100377387113,0.20353803540389842,0.07041659365621208,0.5997157118083506,0.5373905046407752
2007-10-31,0.1180999749377927,-0.3802903358535635,0.3077133828886401,-0.15206300100594036,0.5038628172732994,-0.07210009917781533,-0.11438143672985428,0.12533369734584332,0.3512101862325105,0.1821475742018287,0.1400019461186207,-0.30429344790546725,0.3812630362711782,-0.13843209229608963,0.5468066805489958,-0.05497124076115199,-0.10687580531882457,0.1358818649652099,0.36565042085014576,0.2106964724252298,0.05500028949751471,0.6055235018591661,0.5740185019251711
2007-11-30,0.11037109994940476,-0.38261747338658103,0.3212019709593201,-0.17415770324876206,0.5116383484064704,-0.05824708423412064,-0.09203628174112198,0.13065720681414245,0.353098171629124,0.16466824010335496,0.13288002847228295,-0.3051062031218602,0.39606298081463026,-0.1602533853946272,0.5548384997330464,-0.04082496680051972,-0.08448713701284201,0.14130792107566625,0.3675860043231661,0.19402498860972725,0.0631432468075048,0.6067576836329812,0.5946693033466796
2007-12-31,0.12912751569530745,-0.39298122153678705,0.3146050977187508,-0.17003476723134783,0.48163964408495163,-0.03655248980602401,-0.09067743192526899,0.12050115851269505,0.3247680623144733,0.1888352786913038,0.15211488872568138,-0.3141370609734487,0.3904720345506901,-0.15568801353725292,0.5251257085908465,-0.018648290364094544,-0.08297426141006055,0.1313660715448497,0.33950961005485664,0.21867224338971264,0.06285581401543247,0.6364587673685841,0.607975893006935
2008-01-31,0.15120101091313,-0.4081965840376194,0.3308075141504996,-0.15760278574470457,0.4703479889839475,-0.0796938016669976,-0.09831171505956432,0.10627693913531344,0.30028123221180547,0.15131352714563334,0.17447165528232922,-0.327839627239735,0.40792746465693897,-0.14296259518545956,0.5142476311667818,-0.061544435581804086,-0.09053423437322793,0.11721204054309228,0.315104065899266,0.1813894649352143,0.12349661845411694,0.6931074780220371,0.6305899762184187
2008-02-29,0.1718864283901868,-0.40740155016829166,0.3425418842617205,-0.1845364525264074,0.49288134234530456,-0.0421484548866201,-0.10284394771859347,0.14704074444497908,0.30625947643015067,0.14985836528681104,0.19550882314190873,-0.3253847279963442,0.4207179049868049,-0.16931478039128733,0.5368226845998217,-0.02336352739025211,-0.09507374571833169,0.15796897089681985,0.32107434815383057,0.18007804496061644,0.10236224668460216,0.71405827998851,0.6458316081963026
2008-03-31,0.16047503266946594,-0.4291884871719432,0.3629877481397326,-0.20946754871439996,0.48283661475471035,-0.06606818379395402,-0.14746880292638948,0.14274267587182157,0.2683825334043234,0.15700340697858725,0.1845450228392288,-0.3456542685255657,0.442194839989367,-0.1936701195337954,0.5270204457377503,-0.04704139376139682,-0.13944185955282173,0.15419424613757604,0.28404535147973836,0.18774295123294293,0.0735032142559748,0.7054977400733861,0.6520585637885965
2008-04-30,0.1807771416251663,-0.4106876110512375,0.35510533869837935,-0.24245841610911922,0.4714508345779098,-0.044191744144836564,-0.15119880075938036,0.17148644904008065,0.2919408140035044,0.154919956920148,0.20511296550100094,-0.3257223277618819,0.4348076828837381,-0.22603430457999563,0.5156588943208608,-0.024947987431074074,-0.14318685177275964,0.18292385661925648,0.3075872301123336,0.18607225102247946,0.08833005642537235,0.7026037797430652,0.653842538576888
2008-05-30,0.24588521784527795,-0.4096717402973486,0.37184516135060286,-0.2309398151494956,0.47479103900375,-0.006239094615751152,-0.1540898631879195,0.18661693392907888,0.2914548504651707,0.18161193948043766,0.2705956302943552,-0.32399837267026255,0.45215468149792826,-0.21352444179405453,0.5191823073364502,0.013348604513808777,-0.1460829241136926,0.19812297710930943,0.30709578636223983,0.21303412033040237,0.11210119477199094,0.708032982362432,0.6681016562804427
2008-06-30,0.3009321808077158,-0.3810536513525229,0.3873047603201895,-0.2338628364467757,0.50793634149799,0.023758769470465076,-0.20909508783964648,0.23793642641378687,0.2888507551795631,0.18779575103851928,0.3258849411189672,-0.29417983349166443,0.46847826910484863,-0.21564504102525472,0.5526441958109267,0.04369586107936467,-0.20097331326966958,0.2496252886967456,0.30507963800517757,0.2194117346703704,0.10642111783482734,0.7355635302165124,0.6931225530206847
2008-07-31,0.2835443162796938,-0.3710580991570096,0.3668582305440144,-0.2004346840581844,0.48246520999803016,0.005358990819986614,-0.18891617516379125,0.21927635487417735,0.32422013843618114,0.16117439639467884,0.3086768461040683,-0.2832436891802393,0.44869243022138355,-0.181252682278673,0.5273802942814619,0.025616630258369986,-0.18076756643960099,0.23099056288931374,0.3404783744392427,0.19310448005546943,0.11176449499242767,0.7610604420902677,0.743869493938134
2008-08-29,0.2557394834219764,-0.362459123720231,0.3394965401455856,-0.2085662940064729,0.4387497253162368,-0.04656999155147637,-0.18402929011551372,0.19061899788597605,0.30660779794662263,0.13859772967557504,0.2811447567742964,-0.27330811363357294,0.4217662616433492,-0.18845890838850066,0.4836259968533219,-0.02611226183810155,-0.17589315970756672,0.20232141972521828,0.3228523842468459,0.17086214961613796,0.14069409894079393,0.7726332711042295,0.7741194171472211
2008-09-30,0.30852093034095385,-0.33330486814403965,0.35389825842480666,-0.20603831643266934,0.4530543301540341,-0.07662070181423293,-0.19793681158716975,0.1564714719926747,0.34167327913887324,0.15157980696400994,0.33448210284653035,-0.24267440722242947,0.4370975319450113,-0.18484211900913375,0.4985369769592637,-0.05614153384784138,-0.18965931780782963,0.1685569697583502,0.35859268518967546,0.18409432031563613,0.1345546752392726,0.777970033954096,0.7770962216647141
2008-10-31,0.2884711057495228,-0.3643556808821212,0.3453108194180311,-0.2066202340110583,0.4235964457377387,-0.1337625231437629,-0.19525985829731862,0.12747877634700894,0.40061459804336313,0.08854738101515332,0.31475799483156247,-0.2722115867674486,0.42945947917678196,-0.18446498026975147,0.469563530843353,-0.11298769006574194,-0.18687125731781384,0.13966921848007505,0.4177049458137536,0.12141538600139468,0.1212032348092649,0.8117668181047681,0.8524448111563712
2008-11-28,0.30713861745295024,-0.33556638997797794,0.32392874206355476,-0.2022974662992768,0.42268462423583003,-0.15826942762271498,-0.18854471923769384,0.14169833985397512,0.3947490263118457,0.11362106053180611,0.33349329767314595,-0.24161623595367082,0.40850701119629906,-0.17931632747776527,0.46876174520695146,-0.1369633951015341,-0.18012074167556763,0.1539221963209291,0.4118780715980552,0.1466194249435206,0.18306296004463263,0.8425250461174332,0.8165477968958689
2008-12-31,0.29076820447537066,-0.3686089281434954,0.3282555882325595,-0.20152108708274818,0.44347019869223797,-0.16229408949610077,-0.19089287001493085,0.1754702193582703,0.405072388825789,0.08696717081449447,0.3171811386014329,-0.2737159875604771,0.41347054283997464,-0.17721153430408446,0.4898249781787689,-0.14065657256123706,-0.18231991382853366,0.1879095670450565,0.4226238350971753,0.12007665503484609,0.2041218980845021,0.8597051231065096,0.812177604725283
2009-01-30,0.3007429806819271,-0.35844913922204796,0.34341575848239647,-0.18129428126640768,0.44099536873358475,-0.21737222960860536,-0.18968948730084084,0.17629923351329094,0.40501479451686573,0.08287868491363558,0.327531035116517,-0.26244517018400026,0.4292180702424763,-0.155864155744644,0.4874759799741488,-0.19526815387008656,-0.18109688435141977,0.1887571382073076,0.4225877318669988,0.11637903969833492,0.21970286829309427,0.8514850209298451,0.831665065170808
2009-02-27,0.28611366842128594,-0.38565376633327664,0.37734011441152554,-0.22609999902111755,0.4664256376786107,-0.22490555711214305,-0.19352402685525866,0.18245111747279402,0.4075250572692175,0.09949223657584698,0.31331186890540874,-0.2881083423073704,0.46375417703704824,-0.19980033109299608,0.5130409667998987,-0.20256751809451168,-0.1848881120436911,0.19494993163052443,0.42514537232930344,0.13312143523675857,0.22958806106039636,0.8730471484041907,0.850335075644661
2009-03-31,0.3267581307881767,-0.3327156764621213,0.3389842327727732,-0.23841517475574028,0.43069352449184367,-0.22959138165375664,-0.1855917300145114,0.20813242238597643,0.4720673119656907,0.05331671375310346,0.35422983366195426,-0.23364853018573933,0.42574710599014765,-0.21071668285590012,0.4778237773645815,-0.20692704089737826,-0.1766045528976991,0.2210709630919221,0.4908584255634429,0.08725366785245753,0.27887262050513784,0.889568865796194,0.8931138995385305
2009-04-30,0.3405467252551002,-0.2821878850241649,0.3394907408953366,-0.23237259895613466,0.4018650083509934,-0.24873619191659474,-0.1951166468681962,0.1879719927622026,0.4623943418849381,-0.012711820509833528,0.36843711995155715,-0.18201904839457222,0.42657304730526474,-0.20339409450532414,0.4487615407696372,-0.2257680421177747,-0.18620461098752966,0.20083956012456133,0.4811032604553886,0.02143571007170622,0.31979417989752235,0.9030393454814968,0.8915668482327769
2009-05-29,0.32481661731746464,-0.26531103666967537,0.3334497582468341,-0.20960961260894062,0.40090716805495025,-0.2609740357313468,-0.2186547609280462,0.2028380367905675,0.45095798081676025,-0.015783921988255113,0.353482409214705,-0.16352091796280266,0.42071758244047663,-0.17952501026169093,0.44777796544094606,-0.2374444403566287,-0.20977024731923424,0.2156796084712364,0.46963679349592485,0.018567030762114755,0.3621892954508459,0.9389120068467899,0.9130754322432914
2009-06-30,0.36284997340795067,-0.2763905686141326,0.3436737252689972,-0.2170788356110603,0.4175405042135264,-0.2741241752013526,-0.19857933708254233,0.20645793807895024,0.4977429742249593,0.013377010351448677,0.39215451664946666,-0.17355075927674649,0.4313230902033332,-0.1860020589280857,0.4644875300483976,-0.2502287996642573,-0.18962505584503442,0.2193779529629379,0.5168409263336465,0.0480078803690991,0.3746813394285853,0.9456030466280173,0.9389749520674431
2009-07-31,0.35514716899457655,-0.2611041440877447,0.3123079717598607,-0.18443287672425174,0.3865051861701293,-0.2957577436905773,-0.2034707725379978,0.19271539292760695,0.5025740456683543,-0.036177279986978374,0.384809649374824,-0.15628385968798952,0.40029349321319657,-0.15207662983174675,0.433434254952134,-0.2715266884248724,-0.19454369786620374,0.2056097103246318,0.5216422372284222,-0.0013430325299377127,0.4019549474025128,0.9826770582099771,0.9958293000408103
2009-08-31,0.3867733918169012,-0.26022750863361577,0.29259203361900493,-0.18260098704210384,0.3526997749631167,-0.3405232933291096,-0.23397551005884384,0.1737562344143686,0.514203313126675,-0.021539290727849263,0.4169616894578987,-0.15398129589198206,0.38089335117243434,-0.1492266402353001,0.39960042699767373,-0.31595829147924004,-0.2250815414455316,0.18661928206146705,0.5332352908377255,0.01350285656585968,0.4151830574906398,1.0137738524481112,1.0489121243984576
2009-09-30,0.4053352753965956,-0.26844210513159306,0.29397149421005303,-0.19007420284241663,0.34138451601443076,-0.3475453679449369,-0.21091611018286138,0.16005465962489113,0.5194624704175425,-0.04788401729471988,0.43596682592181624,-0.16041382074566468,0.38259126507438584,-0.1556735433523763,0.38839544421053024,-0.32263116810684606,-0.2018339323029743,0.17310358156270464,0.5392642187130853,-0.012568854018127202,0.4440726183508016,1.0408428977984536,1.0971226571771524
2009-10-30,0.3932850203981012,-0.29402998536867353,0.2855057709378557,-0.21673481229513736,0.36603768597557684,-0.36971244157349736,-0.210312754708766,0.1617294022547599,0.498900456558198,-0.03116010072705035,0.42426312884611644,-0.18404485669577184,0.37445755493193383,-0.18145837542425344,0.41310187100504503,-0.34429634227315437,-0.20121345473185046,0.17479449657058665,0.518720934266576,0.004154155445959096,0.43962502608165455,1.079417153650142,1.131665736280117
2009-11-30,0.3955956935439382,-0.3208602373567818,0.2788046056552448,-0.21418843035326818,0.34511428112064385,-0.3512342717668047,-0.17008223509558507,0.17901252089712702,0.4817213685679271,-0.06093984244043428,0.426786162262591,-0.21051607303595016,0.3680137814222544,-0.17789274076500242,0.39222961526650774,-0.3253779209559422,-0.16098813943090945,0.1921407165597494,0.5015361534156524,-0.0253551041320702,0.4294229762506484,1.0949869410789916,1.1584172418508383
2009-12-31,0.37936240231331086,-0.3018061259266347,0.24713802976855134,-0.22565278277486914,0.3449747443760035,-0.34927195223506097,-0.15597814055468256,0.17857890036173762,0.461461800258106,-0.06058318110223706,0.41112959562031176,-0.19120202311429474,0.3366243643786213,-0.18788974032689942,0.39216602099252684,-0.32294409332257396,-0.14683452720076645,0.1918316679867444,0.48180035025165174,-0.024835265245171965,0.4320905923211536,1.1048849721548415,1.1644240483709538
2010-01-29,0.3931579877123049,-0.33021781667062794,0.24667388711404922,-0.216684858783035,0.3605886140457435,-0.37384304253732786,-0.14409185193321233,0.16702031420163213,0.453070199673628,-0.03396573402937984,0.4254646617681791,-0.21932700910208444,0.3363443600056281,-0.17766183481881934,0.40775922452643937,-0.3471301696934829,-0.13495488275170486,0.1802668061895134,0.4734014817812493,0.0019208368432900441,0.4620238512214482,1.119294890535523,1.197766659157325
2010-02-26,0.38114624185349694,-0.3713841949424733,0.24501369861410702,-0.21010272087837006,0.3522040053684003,-0.38543053172235286,-0.13971660635062427,0.160716584663149,0.42915986271601364,-0.033121812114777105,0.4137841472230194,-0.2602666555103296,0.3350391480530557,-0.17008092018010584,0.3994029965723548,-0.35812173064303526,-0.13057051275321307,0.17397169495887538,0.44956224886720464,0.0028238347107194164,0.4531206813596014,1.137092739718647,1.1893411410047774
2010-03-31,0.38873838385536397,-0.37940967267029524,0.2357326928113192,-0.2167816712160297,0.35822397402756007,-0.38803123359968344,-0.14448286000190372,0.16615806393719862,0.4339914125829188,-0.029154767473708036,0.42175309046874554,-0.2662935935358439,0.3262324017014825,-0.17593906231709158,0.40559909735393185,-0.36029865174395714,-0.13503168548571415,0.1797538492935159,0.45535268187382516,0.006924518044127364,0.45292230212470935,1.1707667926691367,1.2186866921585575
2010-04-30,0.40488453538893765,-0.38114102052377424,0.23284826460326638,-0.21357430834843655,0.3551426955079262,-0.3892446095141244,-0.16765529181914066,0.15117177748434235,0.41803257318835935,-0.004601939152198316,0.4384499623042557,-0.2660169633139945,0.3239461525803471,-0.17184584130736577,0.40264494689101504,-0.36096189405560475,-0.15813391211136849,0.16476276057560635,0.43938828092210613,0.03182054769231193,0.46035038091231245,1.1821896825127052,1.2396571156177287
2010-05-31,0.39791202478520754,-0.37617544649104717,0.2414788946500959,-0.19826506677136874,0.3501991670498041,-0.3746950697529396,-0.18699799686699844,0.15046903143282342,0.39918631227403983,0.024200385574554256,0.43196081875599396,-0.2598346051980521,0.3331561378822214,-0.15579423541375687,0.3978042874663388,-0.3460930072020246,-0.17744354471649035,0.16416441080044925,0.4206451267373074,0.06082258100330917,0.4609528122093864,1.1845940067368865,1.245677269109449
2010-06-30,0.39921998668971564,-0.3615395468048478,0.2312346743115367,-0.19336322396289776,0.3180113358240686,-0.3683183599655715,-0.19618305382695406,0.14928272559212738,0.39025874497528945,0.00929644503316899,0.4337538521771872,-0.243366553267986,0.32372399479810154,-0.14997635914874563,0.36583852270677886,-0.3395912167169064,-0.18648735472680117,0.1631991648953217,0.4121203653732055,0.045991793526985916,0.4390956978983799,1.175446913504913,1.2450642986265332
2010-07-30,0.3478965047472534,-0.35662398145662333,0.23303802350640346,-0.19979816789798144,0.3157863321636998,-0.3718545133258153,-0.1971322169030551,0.15122013337356394,0.3725146766255228,0.010249150506207923,0.3827669050474655,-0.2370089592046291,0.3260864217806205,-0.15593218690933436,0.36356284869485833,-0.3427849209385524,-0.1874528083448075,0.16512118572962825,0.3943584772269417,0.04715788706163596,0.43590702973278705,1.207949610892728,1.2628883184197868
2010-08-31,0.35383363804481266,-0.39755234563885206,0.2391478212523368,-0.19987870384850664,0.34162855702826606,-0.36813046394473004,-0.1776265023050635,0.1437696550188821,0.36620635735696844,0.01913928829033694,0.3889509431231881,-0.276523983316584,0.33289162799183264,-0.15562689473554595,0.3894356015267376,-0.3386108819565458,-0.16793727899093663,0.15767997773137077,0.3881280527362272,0.05650135941214608,0.42975503178792457,1.1920612026653727,1.234435136775769
2010-09-30,0.3045680561905938,-0.41060151811997503,0.18776018946409978,-0.20186795900417567,0.27593945368460726,-0.37045112466453267,-0.19369723427928418,0.12197868872996233,0.3519702022857023,-0.008169505914936231,0.3398300880858345,-0.2878095689255446,0.2820590047997303,-0.15698796746262184,0.3238620998971909,-0.3404197882385058,-0.18388959167633367,0.1361276519578947,0.37478518239663783,0.029405388283982856,0.40424171538996645,1.2066180738713206,1.2476519716830974
2010-10-29,0.29072491819651497,-0.41223447758826515,0.17733922065533048,-0.21269402209951033,0.3021141256548845,-0.38619884288716955,-0.19193325549441098,0.11954598713748082,0.32336653659564685,-0.012376550793311406,0.3261315409568615,-0.2877833989830261,0.2722793219472501,-0.16710602933367752,0.3499747186117311,-0.35561718289913347,-0.18214556304242618,0.13367610679839556,0.3461596937597238,0.025335987715373185,0.4387675180425779,1.2016979418225142,1.256088537004026
2010-11-30,0.31269247243522563,-0.36154237760614477,0.1621885307181789,-0.20843796681480825,0.2955791849429557,-0.3787220852232688,-0.22057643370552205,0.11793843942101871,0.3291775628055623,0.013999534326153563,0.3482766489188966,-0.23636380559547548,0.2577226353220845,-0.16239790468838017,0.3434770411022947,-0.3479525191225457,-0.21077676111637345,0.13207987471147,0.3520459094386394,0.05191042988383465,0.41762246769287437,1.2186795154116008,1.2690690835845035
2010-12-31,0.3050475490518108,-0.3503344839804961,0.17706095325119076,-0.20620586285903567,0.3040714840120997,-0.39361773466686195,-0.2389979668692205,0.13339085715518065,0.307151452342269,-0.0027185715219555616,0.34084693226678375,-0.22385660320127657,0.2730057695087547,-0.15993354542171176,0.3519341139917282,-0.3625707527491821,-0.22909358572351396,0.14757195408174553,0.3304777583551527,0.03532896377213862,0.41755539771497213,1.230909638898657,1.2587163916774524
2011-01-31,0.29464907188173944,-0.315841106115921,0.16891850110457235,-0.21805277027187853,0.2875002438878068,-0.44084510272958155,-0.23369610663760917,0.13049120540337222,0.32802452055385484,0.023762931559855243,0.3306701300386991,-0.18834960622980473,0.2655138004952329,-0.1712950151905055,0.33533081047697855,-0.4094159179987287,-0.22380203388704623,0.1446625657151583,0.35133955048367516,0.062109990940643366,0.42204744686470447,1.2452824236720823,1.2971858925242885
2011-02-28,0.34968614071770915,-0.2976241037007992,0.19691340472898025,-0.2121957724594797,0.27805703870364634,-0.4454649297406453,-0.2332702432982508,0.12264366594920605,0.34408568437752673,0.03442507243773218,0.3860462197434747,-0.16972835641505502,0.2942435415423596,-0.1647307902770054,0.32593142952134524,-0.41365646042895604,-0.22338537694051777,0.13680633052327165,0.3673906436757096,0.07304257173314456,0.4144295676592052,1.2703420525247193,1.3132737533966239
2011-03-31,0.34074324293219477,-0.3370813920928557,0.1969626416340082,-0.2093069838263029,0.26862141382297716,-0.45422324708390105,-0.23951566353557927,0.12890986892699202,0.33300512210640676,0.0008352229898966126,0.37737193377344763,-0.20774766636088093,0.29516919234094546,-0.1612368944957783,0.3168751028889509,-0.4219624763378842,-0.22942620520382778,0.14341955427265976,0.3571136390322122,0.03977974379750406,0.41393835072667384,1.266988092938147,1.3134290252379013
2011-04-29,0.3298249668309903,-0.35259616663203,0.21105250766675654,-0.20468169335063213,0.2722056486826312,-0.45209583350060795,-0.24076709361029852,0.12684565765470393,0.3241744085942901,0.0036474813228947953,0.3665840112488252,-0.22196773276552953,0.3100585650139804,-0.15591357997622776,0.32062504956161103,-0.419500517539678,-0.23068964122154112,0.14134400299638836,0.3482697925339644,0.0428560867516929,0.3902436980100015,1.266850489003474,1.3191317527825224
2011-05-31,0.3489896689620432,-0.3631739711979678,0.22707139894318212,-0.20082863177424623,0.2731527793814922,-0.4456403692551448,-0.23531346491482552,0.1163893041702467,0.3324369705136532,0.002306621790964798,0.38595479442705766,-0.23190681080847073,0.32712228394606613,-0.1513972568867056,0.3216631871746626,-0.4129185799850081,-0.2252281769607621,0.13089505045843117,0.3565409255726927,0.04172989589678491,0.37970739467113357,1.2637636040543747,1.3180190052857306
2011-06-30,0.3537096056913731,-0.374562129283322,0.22118876911856106,-0.19762859869347588,0.266040867585579,-0.4055970624470566,-0.2636940938739328,0.12013382361544,0.3310472265328284,-0.0010184963816113309,0.39111004330886534,-0.2425922070179765,0.32233036050565933,-0.1476191044422388,0.31480675790629675,-0.37248016173421455,-0.2535308666435479,0.13479027870515786,0.3554877869304435,0.038647560032465854,0.3326822844319565,1.2347878394422114,1.3050086471115316
2011-07-29,0.37081148283068455,-0.35052451249874444,0.2233783090966125,-0.17602113834661226,0.2781981363947307,-0.3850377660062542,-0.28008350660560827,0.13194014560447792,0.344014583004553,0.02389348706031553,0.40854123367422673,-0.21716425745504156,0.3256189908988905,-0.1257761806025877,0.327051265486238,-0.3517363944634194,-0.26989223206929813,0.14662309228765663,0.3684858236144525,0.06369590337469752,0.3328962872336361,1.2205261772292442,1.2905710904674625
2011-08-31,0.37838559059594046,-0.34674711539939707,0.24061213609660823,-0.1520381659943152,0.28959122857659064,-0.3609248993068411,-0.25739679650576264,0.1575159063396313,0.38951861152629685,0.02067096875266515,0.41635517083553114,-0.21199493272651534,0.3438015495443314,-0.10153750321294608,0.3386096863840686,-0.3273415290597907,-0.247152368709347,0.1722490580072597,0.41411578223446255,0.06090381146510878,0.38656449964279627,1.2113927300731664,1.303645593089076
2011-09-30,0.4114671565798535,-0.36480799239241785,0.25137207563867414,-0.1601347164012443,0.3103923900570041,-0.3592655916491211,-0.2391522166885648,0.13296813675576838,0.39006609467412307,0.022297700618831462,0.4495104783787556,-0.22934661112358984,0.35568594212599836,-0.1091445311957394,0.35973298719733326,-0.3253858090909446,-0.2286696374547005,0.1479340671497693,0.41518078466997516,0.06288026039078667,0.409028408867923,1.2503844831954292,1.3362679222492375
2011-10-31,0.4112261168858137,-0.380408452168327,0.25300928232273345,-0.15134946848633965,0.3042688650409227,-0.3733722365212028,-0.25690985992609844,0.13520921542267939,0.3907676984560158,0.017446654277909916,0.4496533127385494,-0.24399613653846045,0.35816914402944533,-0.0996210638211355,0.3536019299051773,-0.3390166177537337,-0.24645338450674115,0.15021716915822633,0.41585383417386906,0.05833146139415589,0.4253350242688201,1.2548499090853644,1.3275771266242182
2011-11-30,0.3993208897784885,-0.38857300561141395,0.23932396980034087,-0.1496931826747411,0.31089974202563686,-0.3685734838626526,-0.2544083269546047,0.15049887641366175,0.38241205210356677,0.0009755701103864971,0.43800507803768796,-0.25183695502431935,0.3452821790015333,-0.09747729961157445,0.3603887650419886,-0.3339084332323935,-0.2439215394038511,0.16553546094405303,0.40753134546688197,0.04242342408173839,0.45010730601528554,1.2379146295932135,1.308051004871247
2011-12-30,0.4280836011784044,-0.37849124202258055,0.2581256096918309,-0.1541930229606287,0.3195261722664102,-0.389155270604575,-0.21989453544468007,0.14600662188787658,0.42287642755681726,0.04213361371973273,0.46702261246213395,-0.24051179082183471,0.36524880543173915,-0.10158690284215849,0.36916234667667724,-0.3543036897146111,-0.20926598127770993,0.16129498619424285,0.4485493996674828,0.08388369865277127,0.46616531785802007,1.2435588042353913,1.307037114429408
2012-01-31,0.438006313368198,-0.38635731473149265,0.26209356145171375,-0.16252033302637162,0.3029941838189292,-0.413424814371957,-0.2680911786777666,0.1461110243114656,0.37626285954449445,0.042276071490271114,0.4771529826113543,-0.24722596397610053,0.37052991309656097,-0.10925685909090298,0.35266200159678074,-0.3780434734955065,-0.2574966054006866,0.16143550213711644,0.40189866085101145,0.08429871045036205,0.47840674374355446,1.2765631607340893,1.3338555724575616
2012-02-29,0.449737234414364,-0.395857002717425,0.2702278606508497,-0.165026846289837,0.2792638717769826,-0.417508568378638,-0.26995223127303225,0.1508860733379102,0.4101678039832104,0.04108353814902388,0.48920737077432647,-0.2558044448544771,0.3797878985867652,-0.11105197840893358,0.3289949350007081,-0.38156624004389694,-0.2593805845685855,0.16618889626938796,0.43584024323825166,0.08324194833454525,0.4946401799316878,1.2723402132128598,1.3178431556444075
2012-03-30,0.4746287077881214,-0.4208123903049331,0.27040205384138033,-0.16913765657397337,0.28092914589050644,-0.40566512847387254,-0.28887753064411553,0.15728851212679093,0.3934534980599018,0.04951329007854594,0.5143797878726014,-0.27989364178171894,0.3810288426245996,-0.11463109281047644,0.3307076914097785,-0.3691864037741624,-0.27817868372474824,0.17277848686879083,0.41984507222560274,0.09200084973799834,0.4883658570496303,1.2861380558510527,1.3271389695025604
