date,benchmark,RSI_14D,PE_RATIO,PX_TO_BOOK_RATIO,BEST_EPS,WACC_COST_EQUITY,MOV_AVG_30D,EBITDA_MARGIN,NET_DEBT_PER_SHARE,NORMALIZED_ACCRUALS_CF_METHOD,VOLATILITY_90D,RSI_14D_no-fees,PE_RATIO_no-fees,PX_TO_BOOK_RATIO_no-fees,BEST_EPS_no-fees,WACC_COST_EQUITY_no-fees,MOV_AVG_30D_no-fees,EBITDA_MARGIN_no-fees,NET_DEBT_PER_SHARE_no-fees,NORMALIZED_ACCRUALS_CF_METHOD_no-fees,VOLATILITY_90D_no-fees,sequential,zscore_simple,zscore_weighted
2003-02-28,-0.053198053925489694,-0.039902397171835365,-0.08858225378350744,-0.08858225378350744,-0.08858225378350744,-0.08858225378350744,-0.0503886750444578,-0.08858225378350744,-0.08858225378350744,-0.08858225378350744,-0.0014733648161022836,-0.03797835387959456,-0.0867557653141357,-0.0867557653141357,-0.0867557653141357,-0.0867557653141357,-0.04848564633713206,-0.0867557653141357,-0.0867557653141357,-0.0867557653141357,0.0005276905650277691,,-0.009156899050226314,-0.08858225378350744
2003-03-31,-0.02572115726358987,0.01992271500141433,-0.036990545855029054,-0.036990545855029054,-0.036990545855029054,-0.036990545855029054,-0.055733117835533405,-0.036990545855029054,-0.036990545855029054,-0.036990545855029054,-0.00771575991920708,0.020049985341654676,-0.036990545855029054,-0.036990545855029054,-0.036990545855029054,-0.036990545855029054,-0.05547984212709474,-0.036990545855029054,-0.036990545855029054,-0.036990545855029054,-0.0070709267924388385,,0.024339869996821514,-0.036990545855029054
2003-04-30,0.109045768466049,0.200541395560018,0.10373793384935538,0.107150929158675,0.089020292842007,0.11323795206458814,0.07558590492336165,0.11292370117299394,0.1127668041457318,0.19668119438820478,0.029881038922204377,0.20082905464345877,0.10587786737053625,0.10936966849566639,0.09106217749007597,0.11546888984427668,0.07594058901349923,0.11507982538723381,0.11491855188307139,0.19884048887124903,0.030461221030788452,,0.1271841397361683,0.11702585300890941
2003-05-30,0.03772281236373679,0.07240112656353656,0.02963461839414523,0.07497200529332627,0.016254637857860865,0.06464707830815122,0.011332168702662133,0.0370671783645572,0.03607118949336034,0.08109839143303663,0.006029631222031473,0.07286631869257561,0.03004710909288809,0.07670218256264635,0.01645415516894943,0.06492022484813226,0.01167751791268019,0.0370671783645572,0.0361529199262064,0.08109839143303663,0.00658488491545887,0.06993639080543611,0.061854773788633924,0.06664909973553276
2003-06-30,0.048633346969003385,0.11059604881620348,0.04023805488637744,0.05128036589186645,0.01973779191316092,0.027226935947400163,0.03706398891888495,0.03148706584472409,0.021981814183132116,0.07740936714844303,0.023772525075657122,0.11097387734686633,0.041388911082108876,0.053257260250648676,0.01973779191316092,0.028322504680689076,0.03744344203230914,0.03157114591290875,0.022182730164980523,0.07770454980371354,0.024320485773042414,0.11911463673622559,0.11107286415861287,0.11107286415861287
2003-07-31,0.047903388895408655,-0.03982744634177912,0.037190038991878345,0.046480077968768956,0.03507393548825987,0.03084204886720639,0.04626685669214005,0.04163367601365662,0.04359785966326073,0.04315511033584802,0.01245141711352127,-0.039392131966571015,0.0375014565279422,0.04843621490746554,0.03507393548825987,0.031257911905492874,0.046471013899838515,0.04163367601365662,0.04359785966326073,0.04315511033584802,0.013208187400203436,0.038062999376420124,0.020807430210730858,0.01292584394298326
2003-08-29,0.052542434069353564,0.08712774718427352,0.03611900149815415,0.054144217478097126,0.06679983716974648,0.03505444615535471,0.017785744159950444,0.034521950333307315,0.030500116038150015,0.0952584035295553,0.03917637416938472,0.08737057892377596,0.03640274288945045,0.05539938367904528,0.06716798995110272,0.035739647200451315,0.017995337713705,0.034521950333307315,0.030500116038150015,0.0953283073919121,0.039672166773135294,0.10899159414857147,0.05864316148904465,0.06153002073448584
2003-09-30,0.0007056290897669295,0.01479037256257906,0.0006531352629966456,0.024126545890605165,0.015887424140360488,0.04466727984891958,0.024797034569323074,-0.01938598693952419,0.03771144473663156,0.009561156141949852,0.02041110209548658,0.015080194105221519,0.0025893815655489844,0.025834101675881755,0.016213439135627804,0.045021676427477696,0.02499856429308233,-0.019253883526365735,0.03797224252452958,0.00988355541046215,0.020807589926104708,0.04311218692265674,0.0027243855105392335,0.005160312593284809
2003-10-31,0.07247856649583581,0.0772070529520549,0.057227108647728286,0.06834276545283623,0.09118410426674735,0.062253889681080504,0.046061605433662126,0.0566484668798987,0.06567268815795856,0.09142942960892149,0.026919413912076195,0.0776700266371438,0.05934580024822474,0.06949342449431789,0.09141357228114219,0.062317136794788,0.04626730402395065,0.0566484668798987,0.06574662433837929,0.09142942960892149,0.02752188084966525,0.10346536295841607,0.0986627478978892,0.0986627478978892
2003-11-28,0.02687694597740495,0.014347273656002999,0.0044945394157281686,0.011701876878183385,0.013655964736914442,0.03354955968931335,0.03168238288772847,0.04211933115112077,0.016320249150095615,0.03680273567806406,0.031296679096539375,0.0148353866820363,0.004541853711555024,0.012102749169803369,0.013848198568731542,0.03382209848073868,0.032014858313315735,0.04211933115112077,0.016320249150095615,0.03680273567806406,0.03205538472109261,0.022232295547855323,0.028074421665764904,0.019009612668794966
2003-12-31,-0.0018288957684421134,0.004154355345711024,-0.014373557625761814,0.027081353503220884,-0.023244404478784658,0.017340110766188868,0.002517754035175941,0.00537241531791193,0.006460971938170273,-0.0021071867615826538,0.03486378526324842,0.0044298547058015565,-0.012398354334430674,0.02900507666489501,-0.02310140676076798,0.018417685992240824,0.0029165262412355498,0.005438806420757455,0.0067353678866566265,-0.0017272143065411754,0.0353430438845205,-0.01589594842317021,0.04232625331395326,-0.013327013994232488
2004-01-30,0.0572478274805718,0.10450749844733179,0.089097682497646,0.042184480936440255,0.07091062882946333,0.08165658329297125,0.04272243401691841,0.024007581170928747,0.044015808014089566,0.1505579417305479,0.07814634209134085,0.10466208151963753,0.09113099009165282,0.0441365131450614,0.07113948258942222,0.0829058301033467,0.043058538108708175,0.024007581170928747,0.044015808014089566,0.1505579417305479,0.07848024212524825,0.09370727411122207,0.061978434767871904,0.07769357837241883
2004-02-27,0.03313441146930709,0.013774140387702749,-0.002046913822439952,0.05663730883138636,0.046143472328885514,0.008891855868362358,0.03452073937653557,0.013576257157191681,0.043584906520095265,0.035239581255804515,-0.0069159723271904035,0.01409984041159918,-4.700783811618324e-05,0.057114507957811964,0.046143472328885514,0.008891855868362358,0.03472260327107463,0.013576257157191681,0.043584906520095265,0.035239581255804515,-0.006714896707789819,0.04607152483025512,0.03698241494562914,0.03012519747336388
2004-03-31,-0.010590709912499037,-0.02532338041759443,-0.0008859629804958182,-0.01576077990789843,-0.023866319928108542,-0.01626577986051235,-0.010448636789215511,-0.0070788760081483245,-0.0028871570595635247,-0.03379417601900767,0.01619068748212279,-0.02476524065806849,2.2603672626196152e-06,-0.014193121133905355,-0.023866319928108542,-0.014969377863843772,-0.010255923798937507,-0.006464629670384841,-0.002426883866196659,-0.03308534672706668,0.01645177045007461,-0.03756255185751269,-0.00022949111230024244,-0.025972402375543272
2004-04-30,0.022126202922789384,0.00700624545977026,-0.012493471432622805,0.012541604217736943,0.018740665209282817,-0.0061753701207765705,0.00020256290348111326,0.033728749808670154,0.021900526598529247,-0.026476031706524735,0.005599571274777586,0.007275822324504873,-0.010514500433489784,0.014020902625777041,0.018740665209282817,-0.005776832749643501,0.0005928855495363005,0.033728749808670154,0.021900526598529247,-0.026476031706524735,0.0057325408529164635,0.02597389924191941,0.04245000088948041,0.026103395475524392
2004-05-31,-0.023079832751474138,-0.07652516947328589,-0.01873197444639656,-0.029412664123813447,-0.015548737920420337,-0.007923690472830786,-0.001050683066270655,-0.005948704228536663,-0.031860028837473325,-0.04671497129534653,-0.020711509248237572,-0.07632163142379836,-0.017776498824289184,-0.02797158995315354,-0.015548737920420337,-0.0074566176210453345,-0.0007737123215121699,-0.005948704228536663,-0.031860028837473325,-0.046659572401420074,-0.020517910604757713,-0.05819077465422495,-0.03152313278513244,-0.012966028311650514
2004-06-30,0.033438517002336056,0.016026253953323726,0.031922846982325497,0.03544749427453585,0.006909573058709626,0.013196218511268018,0.018587823491200854,0.04213340452023438,0.03183378167462539,0.008592902025115506,0.0032555139356072976,0.016369260850621386,0.03351390683035364,0.03678498850578123,0.007114178821746185,0.013654339913952606,0.01885058066059225,0.042274084729576625,0.03197321397430339,0.008912371226513425,0.0035319645506831994,-0.0021552598621202993,0.050797995487436055,0.056846979936642894
2004-07-30,-0.02469679989627962,-0.049320994402527525,-0.03527094857155404,-0.02198389544991997,-0.04119167941437971,0.00018208851125288848,0.023224001932103725,-0.009028627133434887,-0.010521754588106402,-0.04977238230374351,-0.003832361160340515,-0.049063851376810866,-0.033337623819192426,-0.020286595269564542,-0.041057268238683164,0.0004599780543426377,0.02354152110758414,-0.009028627133434887,-0.010521754588106402,-0.04977238230374351,-0.003427772409819005,-0.04412255372913129,-0.0016802720318015514,-0.01884600631744471
2004-08-31,-0.015511006801892725,-0.05735497083485052,-0.029976799598574515,-0.03312261988635535,-0.009676596293654345,0.008500896019242312,-0.0008494313510250507,0.0030231301528322032,-0.002658438531832576,-0.03170962184936938,-7.719220147713151e-06,-0.057101411550430047,-0.028168903472193092,-0.031514765264000544,-0.009538401937300605,0.009656666530376036,-0.000535501689555637,0.0030906664965532097,-0.0025909021881115684,-0.03170962184936938,0.0003956878686442437,-0.01651279234470674,-0.014416811483960434,-0.023245243536494428
2004-09-30,0.02310015618993269,0.061899136301440505,1.3469697384231132e-06,0.037379757772867096,0.028563657706624723,0.05655336522385615,0.02048743553462156,0.038383731688705874,0.009061885833949833,0.04207606014916113,0.033388646323270516,0.062053218774496245,0.0017510839427277815,0.03910599153530767,0.028766809877998838,0.05797349477616477,0.020683938013550136,0.03867723924952825,0.009512233501276616,0.042726925974469344,0.033798154807887594,0.03984705122704309,0.02781538148480717,0.05070850735543033
2004-10-29,0.01598961425174409,0.018030502502557933,-0.003354126368452279,0.030466885605278386,0.012785868755289908,0.020497662265222892,0.00421795193431374,0.022736943018302987,0.0065969687593620185,0.05493313306872549,0.013608695975914279,0.01825034901179882,-0.002422241439858504,0.032388945325670986,0.012923237982613711,0.021881273526646587,0.004547712651965347,0.022736943018302987,0.0065969687593620185,0.05493313306872549,0.013900358194758359,0.024711790772158244,0.02205472001294372,0.007367096444150814
2004-11-30,0.03578239136295987,0.045401346582187294,0.022066745614788594,0.06538382373131202,0.03399403225527402,0.050930012882526146,0.006131940800762536,0.026086436326816353,0.02223658615518762,0.04756083152375844,0.0016523350291419738,0.04568066584421757,0.02362626374414494,0.06708186372302744,0.03419990041982925,0.0519603846322149,0.006337531834313301,0.026155559063306133,0.02223658615518762,0.04756083152375844,0.0020318606523523856,0.051302462931109565,0.04648531603887522,0.04579124321475365
2004-12-31,0.026029500934722883,0.04177447670944949,0.03194963250685644,0.03162263622255824,0.006631904778191605,0.03649675453813321,0.018528868566472026,0.031015121335836338,0.01000982954606257,0.05215492626100339,0.007979329979115797,0.04199500265200675,0.03355566751645189,0.03298962379197153,0.006631904778191605,0.0374455999484514,0.018804736625227317,0.031076130536229037,0.010141565305205725,0.05287689893048422,0.008129506614995648,0.021839696015447115,0.03683942369961361,0.027914677275842133
2005-01-31,0.06446171327500394,0.09849792238128625,0.06824490221521116,0.09213591628928643,0.07398284574347756,0.056873935241752833,0.028499382654103827,0.06009614715851483,0.06963485837015616,0.08980840241012664,0.06568922921492072,0.09864983515056244,0.06950029142289708,0.09396751120453421,0.0742032805980493,0.05795686170898884,0.028700863252075604,0.0601841422816498,0.06963485837015616,0.08980840241012664,0.06598940398662888,0.11070369799160631,0.04582507000183749,0.06909672318779121
2005-02-28,0.04426231842199568,0.07259851879418759,0.03719256417562092,0.053753466158855484,0.03721335993856877,0.05521797740824948,0.024165528662877227,0.018730283161879562,0.040466863068182445,0.07879018110898935,0.05082668445587454,0.07288626576707248,0.03920287597507493,0.05528695581619476,0.037422984004434875,0.05613991167683628,0.02436950866515589,0.018730283161879562,0.040466863068182445,0.07885565603048658,0.05112656969998359,0.04445087067409619,0.06094590405975802,0.07136882758498245
2005-03-31,0.0013175266494347409,0.005724831613956083,-0.01285385989747585,-0.013786070656607604,-0.002943423291156613,0.025951683134893887,-0.005692646213375938,-0.004757886116160899,0.010466484701134902,0.007500215324674409,0.010146600891757295,0.005995086748651233,-0.011425133461252457,-0.012198909054650318,-0.002943423291156613,0.027216207122174343,-0.005368603517485808,-0.004167946267307131,0.011215587416843784,0.00857728814394815,0.010357855118656101,-0.007604197008494779,0.013757718223148046,0.015017459579835052
2005-04-29,-0.03350839560317429,-0.0722303009042542,0.016340568494875467,-0.019898676035530975,-0.025967280988431974,-0.017558288497241226,-0.027803745762567614,-0.03882486693799345,-0.007421701647618192,-0.03094910478401613,-0.01726297707346002,-0.07210484302133728,0.018254468325423417,-0.01866308573285206,-0.025967280988431974,-0.01624651518866037,-0.027550898771235347,-0.03876007262715519,-0.007421701647618192,-0.03094910478401613,-0.01706658014542129,-0.04534487233588993,-0.032799361108685275,-0.018771259598647828
2005-05-31,0.034875234180285014,0.050645786204456665,0.05343922135471573,0.002969146215138658,0.03896008884149331,0.012864456358185533,0.02292063806509511,0.04702839792521401,0.024390559337831724,0.043112802471300365,4.203702979593017e-06,0.05085457144561153,0.05357008134309413,0.004265272698785708,0.03903312245120064,0.013744145279333665,0.023326362965362033,0.04702839792521401,0.024390559337831724,0.04317946913796703,0.00028014761795429517,0.05299327634616322,0.02802698575673632,0.04698400999868156
2005-06-30,0.041603913945212574,0.06871184972146557,0.06481285064962232,0.02893024043429981,0.03026775878299524,0.015524174890113486,0.03437819361971693,0.054277581059851636,0.024198523579413437,0.0502860951579553,0.047727273081930414,0.06907240636120106,0.06677241669864568,0.03018116772327391,0.030482243245482935,0.016476404017991032,0.03457639485529213,0.054509675878333726,0.024338799258307214,0.050702753253026776,0.04807545032245577,0.02663470128579743,0.058444264420841795,0.0697610675470507
2005-07-29,0.04477643634156103,0.0790625914987571,0.031421425644042114,0.03587106757022966,0.0414198924381588,0.010129552679521373,0.029523255251810657,0.028895068875956165,0.03130141231723726,0.062337232995635886,0.05181626989600906,0.07958193224121805,0.03185032338084553,0.03702932482955495,0.04162180099593711,0.010806344275729688,0.029801203161862348,0.028895068875956165,0.03130141231723726,0.062337232995635886,0.05247382665842202,0.052116633130824846,0.08936234021811361,0.04748585380707678
2005-08-31,0.012642629971779005,0.024232531527366652,0.0009231881768388596,0.03534371273389361,0.018023742961782167,0.03345704033145316,0.026707543735822643,0.01626356543844767,0.016118253539588383,-0.004900614461545899,0.018310157915358508,0.024445021475437367,0.0016823254640092689,0.03664553280550963,0.018228751390562053,0.03461189497337804,0.026850894109215807,0.01626356543844767,0.016118253539588383,-0.00483623728583922,0.019059211778580058,-0.0007888178692054142,0.019280181041138992,0.01367580957244842
2005-09-30,0.0512485662760523,0.05502505781552562,0.06097555782410578,0.037316325707679183,0.03169236442134093,0.047637594363100826,0.02542053316034907,0.016142356090732394,0.05233620480309114,0.06474672601163202,0.01889778385094906,0.05516309149278862,0.06303822713899535,0.03858318994957795,0.03189780252074769,0.04868046197126522,0.025574651801951124,0.01620737432176784,0.05284627316685975,0.06556556366246795,0.01957841881147807,0.04628405590387858,0.032873046837267376,0.09244212418668063
2005-10-31,-0.04269515506673789,-0.061857732807948505,-0.02490578562699906,-0.019351609385131644,-0.03362931122117239,0.00993609724441528,-0.021642686870635856,-0.015951439615499528,-0.03930397128802899,-0.048259117001127866,-0.02153482471702416,-0.06160005764014504,-0.023147181584902313,-0.018305316053285177,-0.03362931122117239,0.011002969366340187,-0.0212519651950135,-0.015951439615499528,-0.03930397128802899,-0.048259117001127866,-0.02096451552549174,-0.04722326209259775,-0.052945673767029175,-0.028689775846860315
2005-11-30,0.01980389456143627,0.013298425973758455,0.03018944564080646,0.01685325519169058,0.0029848062167554764,0.01730684874164155,0.006454349708052221,0.01957679621949017,0.021854918956505695,0.03351469353816626,0.007651727162402695,0.013702648326748714,0.032134303447453716,0.018489354461667072,0.0031090377154230444,0.018050666490585524,0.006647320549678095,0.01957679621949017,0.021916681857528663,0.03351469353816626,0.008052105451835118,0.008907137025940327,0.0414938851382239,0.04166347849069533
2005-12-30,0.027521284448377377,0.014553132666399076,0.017074341692825602,0.0034886059079924565,0.05033157560028871,0.0070843761936512034,0.0202235827994209,0.036976650088420264,0.03552644142357157,0.012760675333393083,0.007947714568120748,0.014625535780681008,0.018974222130442538,0.004700301110225139,0.05054920321984248,0.008107700265643551,0.020494091878451918,0.03704736842537428,0.035737384924302534,0.013013582740324757,0.008286425303809875,0.016608095137050742,0.014923746975843347,0.020461997463957902
2006-01-31,0.05641726131787039,0.03293283882211799,0.07491053581028764,0.049721391704697825,0.04068180216011648,0.046333826229516775,0.033102953891516095,-0.006868037498618382,0.050214537981181,0.0845930364257008,0.0068322101185608755,0.033262290172152306,0.07661104963040213,0.05113790374574666,0.040820602329467943,0.04725235152520361,0.03336400829020461,-0.006868037498618382,0.05028142576782359,0.08466712538384279,0.007353415713187354,0.059371154953044604,0.043700006584267787,0.07262036479372257
2006-02-28,0.04674543841026352,0.045685618243591554,0.058956477499730674,0.05979428707908179,0.044693341803394335,0.0815084065451911,0.019810048251380996,0.020499920586477573,0.018329618565256826,0.0868288845815473,0.04716719904431395,0.04596283353888815,0.06080663688503697,0.06121144684082712,0.044693341803394335,0.08191939968329714,0.019945852921386006,0.020569583461312088,0.018329618565256826,0.0868288845815473,0.04771845487549071,0.06500338534257073,0.04355200165315655,0.08579887639149011
2006-03-31,0.04210342838198256,0.04293528238482296,0.03583539059215259,0.017326695072811173,0.04108563403661263,0.026054524646479064,0.03677529942106839,0.003277720571673534,0.05229996272437802,0.07630279440921076,0.012044712042777591,0.043213352905702426,0.03729855794824185,0.018566595117374136,0.0412949088442983,0.027089483795160085,0.03704583229141254,0.0036557489831058067,0.05299966864372348,0.07733241757592296,0.01236583417738953,0.04630768907726832,0.03127151149636886,0.07402351026290795
2006-04-28,0.02189209691340459,0.008484826881519268,0.010525932513511952,0.043289171678579444,0.014669811250880788,0.0064176866781057215,0.017930974875648344,0.024305287577116776,0.0027906784868946934,0.004117184553937569,0.01713227232093129,0.008736182161956162,0.011165398156988996,0.04434295300880966,0.01480739473173365,0.007160818338524163,0.018287442757810874,0.024305287577116776,0.0027906784868946934,0.004177755107069144,0.017521722855634362,0.004005605629978753,0.029718665421189148,0.02566631981811349
2006-05-31,-0.06895682653206825,-0.10512484310353853,-0.05830034656584145,-0.07455514735677772,-0.07002516146609633,-0.04812092209708843,-0.057916411777768365,-0.061195308430077255,-0.04582955478877784,-0.07026413910194308,-0.03906370789594941,-0.10500183528603776,-0.05641317291166477,-0.07350182627859207,-0.06989711350125322,-0.04716794038099391,-0.05766285359060747,-0.061195308430077255,-0.04582955478877784,-0.07026413910194308,-0.03880428669032195,-0.1006119453806983,-0.07546758064234728,-0.07103250482087417
2006-06-30,-0.015563478162821692,-0.0323585297071225,-0.057758537293047696,-0.017928251611296096,-0.003733223004965152,-0.011378238861927474,-0.030890340438923986,-0.0030044865606560713,-0.02111157511091891,-0.049206737311741626,-0.029098269156960746,-0.032036550695117814,-0.056835754962571094,-0.01643508054980197,-0.003601890552572883,-0.010325504642136107,-0.030692346524854284,-0.0029353727279065405,-0.02104855878922799,-0.04875215315259537,-0.028427213247071748,-0.03691381189072711,-0.012512605400981215,0.013120905915068785
2006-07-31,-0.00755265308547582,-0.02376770127407347,-0.012646850173940035,-0.01644160338683812,0.007173428801408328,0.013040331855536933,-0.009983669793514699,-0.027196885296958476,-0.009431444757249361,-0.02997606188225355,-0.007484139241651892,-0.023299215609841738,-0.011596317758396197,-0.014988264544306067,0.007464355818211871,0.013632129568350838,-0.009649489573628526,-0.027196885296958476,-0.009431444757249361,-0.02997606188225355,-0.006673306766276843,-0.03222504353116577,-0.023669875804227778,-0.011561829231735115
2006-08-31,0.025812448712344057,0.06131449507295655,0.04317051152066091,0.032347009719681664,0.03558856490612506,0.030922414032070453,0.016444856794251266,0.044381999380796386,0.016223715426721966,0.020555450533794463,0.0414841985659556,0.06187947429767928,0.04519100670218333,0.032946882190265966,0.035933741456029754,0.031647347888871885,0.016918000429454665,0.04446082081791599,0.016223715426721966,0.020625295976479868,0.04273655507134604,0.055498431546246986,0.045710003939984256,0.06929536652430308
2006-09-29,0.019922767603908362,0.01426691797768957,0.016967915863373078,0.027127973707684837,0.028547649523631854,0.019493049960098867,0.03267882184462319,0.01170548253886555,0.01729955487885535,0.003776472988820373,0.027728795898426063,0.0147270115739829,0.01845365968012577,0.02850383348849356,0.028759163312002813,0.02030456674353704,0.03301528696812389,0.011837944039932224,0.01804131273756059,0.004418612593643904,0.028477529412871763,0.003214206420319347,0.03957262555213826,0.0017016629738200587
2006-10-31,0.032106926051252496,0.04311927822473718,0.04573145451511596,0.04683613647199129,0.0482972906731589,0.02808031624829249,0.01262210807778299,0.0034994109668070113,0.027817081684383405,0.05490401676496068,0.027151642246574913,0.0434676573903069,0.04776107134281233,0.047675636222829595,0.04856883678583669,0.028486652336689112,0.012835453456366943,0.0034994109668070113,0.027817081684383405,0.05490401676496068,0.027902706473091784,0.05267882581129234,0.046703415891781265,0.043378819149182665
2006-11-30,0.02273345789943775,0.02431668148897736,0.031844497009765056,0.07189076902688374,0.00406501474358828,0.008322631217439971,0.007146680822296846,0.019247476684264058,0.0411856383962338,0.04568495206538096,0.0006352686236930946,0.024731903326323003,0.031844497009765056,0.07292851504342955,0.004145674870520022,0.008659510042682587,0.007406142551671228,0.019247476684264058,0.04126629852316554,0.04568495206538096,0.001498706053818804,0.07457082657889795,0.030015910700668322,0.01741556354478044
2006-12-29,0.04269669576663329,0.0794769739025747,0.026168106889356373,0.026022723382689857,0.0418253833636157,0.09730602843669132,0.03347260827339983,0.027933994390094474,0.0582390184075562,0.12214736531535836,0.04273727326391159,0.08018879569963148,0.028017587787124924,0.027136965618827006,0.04208973753947604,0.09803184565207126,0.03368687198222932,0.028073364103643677,0.058452871076725456,0.12242481293828203,0.04322579920113964,0.11224542834295838,0.08253209736987506,0.06216878553487299
2007-01-31,0.046637629467403394,0.04736268488615484,0.03850294413930232,0.04952488136187421,0.04270154807566158,0.05880935189154634,0.019574397517856904,0.03118734247081432,0.04754293268036283,0.06673855758907563,0.025864602756828017,0.04810416634734945,0.040294187150948395,0.05029551193236311,0.04297670770526665,0.059222571465652275,0.019706891027812715,0.03118734247081432,0.04754293268036283,0.06673855758907563,0.026340653685583013,0.038983512122134086,0.057990647732183515,0.0854939169445155
2007-02-28,0.002349643016447799,0.014369754706100355,0.00635033969019987,0.027714187974799815,0.0025936810417890796,0.012956705559350227,-0.00870849185687798,-0.00676199295244744,0.017307506106479416,0.024095827789728595,0.001844306908055755,0.014852099430842617,0.007426448180689541,0.02875230437703279,0.0028699114365630745,0.013485046616563483,-0.008376518348105981,-0.00676199295244744,0.017307506106479416,0.02416336610801865,0.0021792978298104935,0.04106391130401277,0.03904079338361558,0.020797174927864166
2007-03-30,0.037120803933766704,0.05769565827921354,0.0285428006799299,0.01479614450904217,0.04242583957982836,0.03820601903652966,0.01767322595973012,0.02575417948454715,0.04432348027753187,0.017069529182174744,0.026321636213487844,0.05834557473962405,0.030160756291877252,0.01597457786814312,0.04276453182336892,0.03890244517793173,0.017943136148104753,0.026033110013797132,0.04487055235972517,0.017812873878393594,0.026752564357160596,0.010897247989237864,0.04616770740154004,0.05709614933477327
2007-04-30,0.040663627982802146,0.07790991440496768,0.03220251975103101,0.06005344121431346,0.036591886664990206,0.05304062965530067,0.03742023305780628,0.007344911382022185,0.06257518326053942,0.03669935343443303,0.029515662214450775,0.07841449473046105,0.03303625805057141,0.06101369155248804,0.036945950829256544,0.053917520197800245,0.03782230241763776,0.007344911382022185,0.06257518326053942,0.03669935343443303,0.03012158570531594,0.0808261430816697,0.05296716794804653,0.036247244113467254
2007-05-31,0.03147207974293152,0.02936193970256619,0.020591152198918414,0.04988929597045458,0.011765643392886419,0.012859948807633272,0.04627228128042217,0.03492384664576791,0.04208427752115262,0.04901612243101795,0.03073352231232983,0.02993416339030337,0.02150236435701264,0.05115766494791245,0.012039690251544053,0.01349113497256916,0.04660281879781082,0.03492384664576791,0.04208427752115262,0.04901612243101795,0.0311347720875181,0.023634351335592718,0.022444310417569717,0.04083032673309765
2007-06-29,-0.001985940557014067,0.037801385369309354,-0.014352623726579894,0.006566172216867879,0.011885565104025211,0.010400867562969802,0.013321522187454702,-0.03063864174935359,0.019871073653339986,-0.013824988097114518,-0.003473395817303783,0.038469889044601795,-0.012492940211866236,0.007516737237159866,0.012164237229597639,0.010931609261342675,0.01358771159884266,-0.03063864174935359,0.02009038501739811,-0.013287602950692638,-0.0032132597107948795,0.0010129592320808672,0.0022589650855338343,0.019549438132363258
2007-07-31,-0.015621094428672374,-0.017990637196398616,-0.02512989000754996,0.0062010296854853675,-0.018374125317971283,0.004943875091505514,-0.009953813194628626,-0.04040991991484567,-0.006724358899779288,-0.000911711037689918,-0.0036592112751856567,-0.01747138658972808,-0.024357104346284485,0.007136014180879012,-0.018109682413510707,0.005259492921580289,-0.009756643994906437,-0.04040991991484567,-0.006724358899779288,-0.000911711037689918,-0.0029451590926048983,-0.014470468983811628,-0.010629142960454852,-0.0015432401367924398
2007-08-31,-0.03499437499169346,-0.07841685030568854,-0.058464939471893226,-0.07179964331310741,-0.046224120973935176,-0.05187845908056421,-0.01254410698287867,-0.009442459234681073,-0.034174479290021216,-0.019320483437728256,-0.04791099125506404,-0.07793565435906206,-0.057739225366113846,-0.07082549306310469,-0.046029795637393046,-0.05150053276504902,-0.012345440057906198,-0.009379186514417985,-0.034174479290021216,-0.019254748752688806,-0.04739257911631122,-0.06530866223991956,-0.06115283081942369,-0.02723191641080608
2007-09-28,-0.018420752494533597,0.01835747385776503,-0.02393759378965867,-0.0034937649005475596,-0.025751619459068373,-0.014273141843593818,-0.0040195447223686,-0.021024272236965444,0.021608025575432663,-0.011897083619817176,0.003299142017379912,0.018754841309065056,-0.022525244005543222,-0.0023003942348178547,-0.0254190666374054,-0.013624781666316718,-0.0038538515551883572,-0.0209608061849112,0.022164776829471114,-0.01125022682831248,0.0036152576969814367,-0.013172184402777728,0.025190371969368762,-0.006186398624668018
2007-10-31,0.02284996235977828,0.026458031892161837,0.030971984172553237,0.04681054616335826,-0.005040768628501269,0.06386587098864713,0.06596669062413157,0.03127211999377117,0.0499979924873012,0.040417115217530504,0.019775226491145,0.02713634728142085,0.03228611887803864,0.04756838902139255,-0.0048315762477531944,0.06400157675871479,0.06625152583955456,0.03134050171963607,0.0499979924873012,0.040417115217530504,0.020328365003740103,0.011874164185521311,0.027757773865480475,0.06047296686105976
2007-11-30,-0.08185927493906536,-0.10600917772057532,-0.09679020306716364,-0.05561566296039233,-0.0992165287235576,-0.04788334264665275,-0.046315261049203436,-0.03842952495927175,-0.06994091627902886,-0.09599687985138933,-0.05644075052520478,-0.1053991514371954,-0.09546667943150995,-0.05443236014914985,-0.0989076313633161,-0.047762399085543465,-0.046008765967344135,-0.03842952495927175,-0.0698794693814888,-0.09599687985138933,-0.0556305949705177,-0.0933958380305632,-0.0766365508231119,-0.06561816576725527
2007-12-31,-0.01896534524524366,-0.004547365216698269,-0.032659015004540035,-0.02219234103384493,-0.0135907752948204,-0.04204190330220557,0.008460011334819339,-0.012035945208804143,-0.02737903432018744,-0.051529415689730004,0.01653530801729963,-0.004068109894870625,-0.03137654957146219,-0.02122024583595196,-0.013138963467827499,-0.04179174813852161,0.008945590311640788,-0.011893415640755368,-0.027175694102521002,-0.05128827605568103,0.017016133262148014,-0.024452107536413345,0.011789511419516127,-0.0068237963241957285
2008-01-31,-0.14227158106816887,-0.14824121063409576,-0.1790111548948075,-0.10428668356532801,-0.12174918892348142,-0.10881931828842649,-0.14836993814001975,-0.11389849999857377,-0.1452334007258835,-0.19412622483198977,-0.10653421543964538,-0.14795269828930252,-0.17782429890431675,-0.10325235442473968,-0.12139514680992769,-0.10863687610819521,-0.1481021675145372,-0.11389849999857377,-0.1452334007258835,-0.19412622483198977,-0.10629130550461653,-0.11523861489977971,-0.07881140940173924,-0.12718818056267386
2008-02-29,0.017660135039172575,0.04109237840498472,0.020563466801858717,0.027260909718757772,-0.010065987990453669,0.03581081874631202,0.05157712199890274,0.009600978724388655,0.05732078756689792,0.026319058378078908,0.009029237908578869,0.041443615430633456,0.022255258043936174,0.02833840010166231,-0.009490442702584782,0.03587515855486662,0.05221046934855498,0.009600978724388655,0.05732078756689792,0.026319058378078908,0.009172594178692582,-0.0001823467951861585,0.037943753958286405,0.03363939787582573
2008-03-31,-0.026374266471241224,-0.04350173726302423,-0.0525485179675705,-0.0014884445644254049,-0.049656281287820396,-0.02729876956645413,-0.042743470532952875,-0.06365968292220574,-0.028376702058618527,-0.06982963481965034,-0.00429670150908784,-0.04305307356233677,-0.0510975584154901,-0.000501948258921435,-0.04906817097741816,-0.027103393556680008,-0.042497000590839315,-0.06341808831018213,-0.02786766485380342,-0.06899825711278987,-0.0037760344753444072,-0.06208363843979192,-0.0335464153709549,-0.02168230200478377
2008-04-30,0.03290656027957877,0.058867241377265726,0.055750615112559,0.020628858176558316,-0.0017167989547577892,0.012492303811503973,0.04730843232458729,0.021910957434247418,0.05937779421417317,0.06198714800980468,0.01604080608117277,0.059132017547467476,0.05724744833158511,0.02116823691477954,-0.0011023455990103873,0.012563171342692555,0.04752083794973817,0.021910957434247418,0.05937779421417317,0.06198714800980468,0.016452761548524146,0.054514828515264256,0.028638175956515428,0.03621008439409026
2008-05-30,0.013438454797930917,0.0804371685483239,0.01590546489724177,0.028709725834269072,0.02441160890940762,0.013762072054919425,0.04889370786721044,0.008119814321105444,0.02780964072309287,0.01479760003504677,0.035191385899694366,0.08081140377854013,0.016635523778208476,0.029331645274014835,0.02539878479458812,0.013960863553065186,0.04923612634666178,0.008119814321105444,0.02788300834948956,0.01479760003504677,0.03546100722951829,0.03947539771645181,0.018408435988641295,0.028205283088746317
2008-06-30,-0.10920016753622096,-0.07592133436838518,-0.0972899822034102,-0.0768321862497406,-0.10584310732853296,-0.04132295055463686,-0.05044816659673694,-0.1362551197558971,-0.04913837615340777,-0.13304819068523446,-0.04614986967951103,-0.07567491823995871,-0.0963425390646956,-0.0761379487851086,-0.10499364118574413,-0.04118578065343168,-0.05008122805494518,-0.13619796661411607,-0.049010039911717415,-0.13252334097071558,-0.04595301097112873,-0.14096791448966323,-0.07638230706756094,-0.0900248703805489
2008-07-31,-0.04869889870699403,-0.07621341916446574,-0.04647595687248853,-0.06127955430553379,-0.012349217220138951,-0.058012549012973695,-0.05372209180745617,-0.015517362713266512,-0.06329200382326514,-0.023212309704759255,-0.048865645348369464,-0.07603175707109094,-0.045653065074589064,-0.060697832609341404,-0.011363125694114105,-0.05788878440756524,-0.05339338145142347,-0.015517362713266512,-0.06329200382326514,-0.023212309704759255,-0.048550123685304224,-0.0554916517888131,-0.020742299384454706,-0.0006713634643929975
2008-08-29,0.028143122500623112,0.005047348634281768,0.04035648761963864,-0.00287632676502524,0.01865295421238582,-0.02308585257963751,-0.030006188762930344,0.026983577150447302,-0.0024054397321200435,0.015126441374604581,-0.006735365327564831,0.005319212081763072,0.04174782028336111,-0.0024040829894766544,0.01956816109331712,-0.02308585257963751,-0.02980989419496255,0.026983577150447302,-0.0024054397321200435,0.015126441374604581,-0.006401690130681968,0.06271622353456226,0.03857215702039389,0.05965761338472149
2008-09-30,-0.14374228575873807,-0.1193290053918573,-0.1363617239667299,-0.10730561040152722,-0.13303012333420586,-0.08417514600650446,-0.136320684389213,-0.12122508948888586,-0.16649687190343693,-0.1363618326114446,-0.056651960780965814,-0.11876780448527101,-0.13521199127840705,-0.10659727763793171,-0.13188000381796822,-0.08380258527640752,-0.1362763801561295,-0.12115889760167393,-0.16618479789084464,-0.13576924097569992,-0.056397884894943746,-0.18387908888425794,-0.1315151117307562,-0.1483834504548
2008-10-31,-0.21428750809279146,-0.27626689671693083,-0.27752092544424783,-0.19030618231658997,-0.2027727925622358,-0.17684511002194522,-0.21604338521073732,-0.15777300657397259,-0.2264408709661914,-0.19626604045985163,-0.16778425040360145,-0.27593334388480695,-0.27649463210504766,-0.1896837691681798,-0.20172312039251317,-0.1767062612621054,-0.21571392304092937,-0.15777300657397259,-0.2264408709661914,-0.19621663599223552,-0.16742487247251076,-0.2778887697400067,-0.1703063528029445,-0.15019865677816321
2008-11-28,-0.06594634433948957,-0.060629224726628676,-0.0474040092527039,-0.07695851230451943,-0.05777200319245457,-0.045557085737720465,-0.07281833921255866,-0.04208930565288978,-0.04636512968637969,-0.08484081516322527,-0.005996453771955417,-0.06055893852113756,-0.04575311857224013,-0.07663301130983029,-0.0569172659841374,-0.045557085737720465,-0.07227637877083842,-0.04208930565288978,-0.04636512968637969,-0.08484081516322527,-0.005864220147030851,-0.020086184833144748,-0.03194540796482562,-0.10542846431163702
2008-12-31,-0.005146674071181792,-0.023120110165406407,-0.039419596104006874,0.00042531938308830404,-0.003907824448519568,0.018196587349328924,-0.007053857479036141,-0.005436543625003182,0.029268995568440433,0.0036122679907195252,-0.027612868613978065,-0.02306155666904184,-0.03849544119743486,0.0010495042407338826,-0.002575946126574563,0.018461033516002083,-0.006721080958774462,-0.005291812777078019,0.029480474625237563,0.004030022444768819,-0.02750152376438142,0.013991146330650047,0.012422765000263375,-0.009947341039241562
2009-01-30,-0.03517265481349931,-0.032612161452919904,-0.030703622255215425,-0.014253444620945103,-0.012806836550385836,-0.02581770241504281,-0.08045705951401978,-0.024449335045159986,-0.03136599042548996,-0.04246598739782938,-0.01989226438675275,-0.03223565548209737,-0.02967876868900272,-0.013723905168731525,-0.01167024046976269,-0.02575298025423637,-0.0799845244748736,-0.024449335045159986,-0.03136599042548996,-0.04246598739782938,-0.019500352965720925,-0.028477214327408566,-0.04159188426524477,-0.017676221118240912
2009-02-27,-0.08150856510241063,-0.1124828801581509,-0.12125863060524385,-0.034888237638842974,-0.12159876752710772,-0.029999195897905544,-0.06745131722478401,-0.06435612574149054,-0.06879236435164349,-0.09494969843151542,-0.022195760621106207,-0.1120696793756716,-0.1199071506733465,-0.03440394758048189,-0.12069390120580845,-0.029999195897905544,-0.06720417916021543,-0.06435612574149054,-0.06879236435164349,-0.09494969843151542,-0.022064622145973958,-0.09121178178310047,-0.05597636117779989,-0.06722783117414839
2009-03-31,0.013067195140370972,0.05557426124285204,0.0674349073068389,-0.02673546288033979,0.00021466027653790098,-0.02563677618390002,0.005921004769357915,0.018607909317199436,0.038000459742378104,0.0794271999040457,-0.03797414439741182,0.05584741552874266,0.06897827826874887,-0.02637212742248539,0.001609458892204329,-0.025106500582650425,0.006245805168220594,0.01896410724939026,0.03844484815091174,0.08060339739456922,-0.0376666504412446,0.06458396250024609,0.02913650029852249,0.056346201444292233
2009-04-30,0.15070559229448816,0.19285093832929023,0.2229983160631704,0.12918600992149773,0.14856727645375775,0.07663275429927975,0.09410354877410626,0.10477061453576729,0.11915680729407642,0.16870651016059615,0.010598630544948837,0.193264330531997,0.22442959188868214,0.12972657335712137,0.1497860059634856,0.07663275429927975,0.09438450103745652,0.10477061453576729,0.11915680729407642,0.16870651016059615,0.010805226154672274,0.22561085100402084,0.15728843341423443,0.15677344482976402
2009-05-29,0.057355963583908084,0.05201219297042152,0.0822047380768015,0.043247399383568134,0.07712250303606741,0.039826310128770886,0.031398513737734716,0.020481795369643317,0.06805075054053442,0.056055824734229494,0.027150869298584283,0.052785649058853086,0.08394673870268757,0.04351391139864214,0.07820615455542172,0.039886180792881344,0.03195158747254872,0.020481795369643317,0.06805075054053442,0.056055824734229494,0.027352833377825462,0.11219842042685163,0.09070586287127252,0.08165368794410494
2009-06-30,-0.0026000820365335575,0.03425296952672922,-0.014585544552874885,0.008540685849321585,-0.00972878848065831,0.015916476810227217,-0.014191123953164582,0.018990852484437402,0.0014938413688218083,0.04303302995283086,0.02964424661966011,0.03489194145922817,-0.013549572391634405,0.008913022396566552,-0.00873406333614814,0.015982977018213978,-0.013824392413836645,0.01905749247910265,0.0015693304199857609,0.043448748145523665,0.02992432958440352,0.008477444694411602,0.004377644707456344,0.022982479568464585
2009-07-31,0.05670060441959764,0.059264996349192085,0.07986750965253159,0.017359812047335017,0.08638448845340978,0.009283567378127352,0.021504806582664078,0.03862609179549679,0.038834650407561976,0.07155162615396964,-0.019675437978922825,0.05962101464194176,0.08196731850910499,0.017776033718280522,0.08764176976674642,0.009350234044794018,0.02183221050301907,0.03862609179549679,0.038834650407561976,0.07155162615396964,-0.019473501903473318,0.09627877106324269,0.09128079235879308,0.11631209870013347
2009-08-31,0.0681103245067388,0.11223009047413045,0.07857625020352753,0.038690033902779725,0.06633784073204006,0.014370969674214933,0.006841701211206112,0.021563881159938174,0.044133633963824984,0.09193227603284596,0.05011051222829848,0.11275357280485077,0.08014738877191331,0.03910325654433939,0.06732894029271962,0.014445526519145031,0.0071655774544485,0.021563881159938174,0.044133633963824984,0.09193227603284596,0.05031665815455347,0.09631112329058779,0.09617253245312436,0.12454815691090736
2009-09-30,0.06436455975360425,0.09470276543938749,0.06518875788378857,0.05659676891168755,0.0534938879773842,0.03425971179458807,0.04178680898820666,0.07230316541260316,0.04593349608551297,0.08111645159165455,0.0072556809139831275,0.09514381743569549,0.0671077036222126,0.05700705576577931,0.05449475032539518,0.03446705010881059,0.04212651474695858,0.07252258020701095,0.0461488450130892,0.08192035708453752,0.007527043673779359,0.10736726712694217,0.08857322632945432,0.1157374985019742
2009-10-30,-0.030462824633157404,-0.04897460564135685,-0.06101018254587409,-0.03390956128805982,-0.05525929093851957,0.004499966363162659,-0.044094686237665985,-0.021562871610161675,-0.026193068456064596,-0.057330763426472794,0.0031410115126397154,-0.04862684011788869,-0.05912843942472354,-0.03362793611667105,-0.05436954926546873,0.004499966363162659,-0.04358757850350565,-0.021562871610161675,-0.026193068456064596,-0.057330763426472794,0.0031410115126397154,-0.04265413030043883,0.009680886578403847,0.002345080428012071
2009-11-30,0.013348745126780446,0.017623418292300345,-0.011974058893473694,0.005122043956772368,0.015328515222995071,-0.010708299658657,0.029232611891427302,0.051057489276260165,0.029843101694960995,-0.0019136382528712034,-0.021561698271297582,0.01783541150912691,-0.011592196023161201,0.005394751299285253,0.01634352345229022,-0.0106409629696001,0.029671280332233187,0.051057489276260165,0.029911118684081472,-0.0019136382528712034,-0.021291491852770926,0.00550041997992969,0.028441491938126937,0.040627662000515825
2009-12-31,0.039732694553133024,0.030535051266578555,0.06418694503090706,0.0026011831663328797,0.026238565437532578,0.02836750245535378,0.03240142819834601,0.044803019145567134,0.03647348735277543,0.026339347586464182,0.021709615362917673,0.031110460956064727,0.06452865760521324,0.0029332070575389664,0.027690713244496554,0.028501433755530544,0.03286726526073181,0.04487118027082811,0.0366156686473746,0.02688350629793913,0.02187180520972739,0.05083207135125008,0.04792182043237459,0.0476288494503082
2010-01-29,0.016385098954925632,0.03268805788183397,-0.010102083086712352,0.013973355352557683,0.024629648441587253,0.027998354709686847,-0.011498051788187542,0.025051920683493784,0.003819526478721504,0.010440491422043324,0.036452349767650334,0.03322707002531023,-0.009786235574630937,0.014177046512553687,0.025884211161009675,0.027998354709686847,-0.011115058909300675,0.025051920683493784,0.003819526478721504,0.010440491422043324,0.03659065278474761,0.049323279905069475,0.03018599543943608,0.05040103821698298
2010-02-26,-0.014534546644727636,-0.02998965873299224,-0.05834384516766847,-0.01352010240340556,-0.006959001369907966,-0.01742512792704161,-0.021573596219553848,-0.0057380198080879685,-0.019455385825720508,-0.04180532956054292,-0.004695265902509375,-0.029657783885390494,-0.05815713493638834,-0.013191977747356112,-0.005952783023439613,-0.01742512792704161,-0.020974892480651278,-0.0057380198080879685,-0.019455385825720508,-0.04174420647620135,-0.004635706551513258,-0.02756436416932118,0.0040996699192146395,-0.023884744151466956
2010-03-31,0.06757076701658114,0.08753788986351184,0.06904357826033301,0.048677501949129266,0.05732164831523,0.05384596290247982,0.048623603769667664,0.046915041498650514,0.06804233006784617,0.08447929376961058,0.03920973913549413,0.08791237833556101,0.07118595016065433,0.04924826337503959,0.058115712392562115,0.05412409140962368,0.04903740977154135,0.04725291430319032,0.06841397813200187,0.08547404709304512,0.039341640561829566,0.08220298736879032,0.09823903155324437,0.10023948757304017
2010-04-30,0.01336778835727774,0.031432641056627256,0.013109119803331093,0.008993010120585697,0.01602160804874846,0.007225146025258909,0.009619945935065276,-0.012268255208196136,-0.0023890676964412783,-0.0007185544313820939,0.032908252521449056,0.03198300277069813,0.01513939860053216,0.00960615152976176,0.0169033196001691,0.00736808829492141,0.010168532980997735,-0.012192965739698186,-0.0023890676964412783,-0.0007185544313820939,0.03325118449059133,0.02309530413578953,0.02432464032928168,0.034853458594348775
2010-05-31,-0.061841313017961655,-0.08129468087810253,-0.06645529230483758,-0.04351618426475725,-0.042931357848972465,-0.04687113868909011,-0.030805456748046404,-0.06515860091727213,-0.057531621819718076,-0.09286787760239272,-0.0004343270335011667,-0.08080898126348214,-0.06538357100230538,-0.043034156624697714,-0.04216202059485226,-0.04687113868909011,-0.03047604954010862,-0.06515860091727213,-0.057458463542116395,-0.09280094795050665,-0.00023286631975610183,-0.07619636721448583,-0.056405483807580106,-0.05917276091237614
2010-06-30,-0.008048713967591778,-0.008871419978323492,0.004951813525730118,-0.016637939226594477,-0.002532175808900833,-0.03683698002483091,0.001142455187749445,-0.014497993933606925,-0.008379322238336357,-0.019055640215380237,-0.017386554023901966,-0.0083859502591076,0.006759201395952723,-0.015842477243226325,-0.0016115376708472234,-0.03663247483225477,0.001269253296809482,-0.014362392941701106,-0.008163595093643275,-0.018659010245811725,-0.017313101844281302,-0.03245929345964623,-0.016678284222073504,-0.009233852643076428
2010-07-30,0.034910339185671664,-0.010265428486858071,0.04454451924381539,0.03193845485189518,0.02670178644502099,0.0228764135678057,0.023253496582925172,0.02606751274480928,0.034378763356893625,0.023165940982472343,0.01980291856622056,-0.009930042626219918,0.04605800174681834,0.03254547344643352,0.027167616519863446,0.0228764135678057,0.023590990395570104,0.02606751274480928,0.034378763356893625,0.023165940982472343,0.02001544357881901,0.039089301714201954,0.065919803690508,0.054385262217810044
2010-08-31,-0.01642793056096384,-0.014194683550649642,-0.060199174478892226,-0.0074411412684912475,-0.015439899391184543,0.015323991783968474,-0.0078113132745367105,0.007833572970788513,-0.022390891094260824,-0.026350942218939903,0.0021381417564813043,-0.013947086549694222,-0.05882888401916386,-0.006774616269396528,-0.015046066632928434,0.015323991783968474,-0.007358338179651311,0.007833572970788513,-0.022390891094260824,-0.02628378354512006,0.002591996294231086,-0.027018792301255767,-0.03141669307349163,-0.04587575144805423
2010-09-30,0.053145710382232696,0.013555562758723593,0.04752281769898079,-0.005757309388272278,0.04836510309212889,-0.027980932038038142,0.038044495585909915,0.02465172362230286,0.027468992822443614,0.04835199381091048,0.0005610678011209301,0.013698481324584792,0.04939886041972703,-0.005126850290759715,0.048972375508036674,-0.027785583993443035,0.03854845120158158,0.024795781393961967,0.02773184971952625,0.049273323806476,0.0007725325890207309,0.03922776473300811,0.06535249244674907,0.06896078017943177
2010-10-29,0.041858714122613085,0.03554435132167657,0.04600438843822956,0.025589773506216884,0.02886060766426795,0.05602092665471205,0.016166024316115805,0.033955747712213886,0.03640238102406571,0.020602521945995447,0.017983696138323787,0.03568753512690505,0.04775102346201155,0.02628976999161906,0.029552338116503034,0.05602092665471205,0.01671027935680638,0.033955747712213886,0.03640238102406571,0.020602521945995447,0.018120283518357087,0.08540725803589756,0.035109900031452014,0.05231705189513138
2010-11-30,-0.020445430774085706,-0.002998933024837111,0.026776578907987934,-0.0320843926794128,-0.01488505566447026,-0.019766846536186877,-0.006996682027534234,-0.04328357374544498,-0.020237276933315437,-0.01904658874511588,0.01774134269294101,-0.002820534357012854,0.02745152487917441,-0.03152564525059994,-0.014423215646942022,-0.019766846536186877,-0.006805131746043497,-0.04328357374544498,-0.020237276933315437,-0.018984504033926024,0.017940334432030136,-0.047008669591743366,-0.0023657270638764243,-0.008678965797585451
2010-12-31,0.06763270239585303,0.07236162493401757,0.08833801389425526,0.0728937472153655,0.06629496541211113,0.05638203950717014,0.036392090735130306,0.03332315460693272,0.0781156597038661,0.0576824612254797,0.018589488869668557,0.07257451910561655,0.08978114166980573,0.07340095199341432,0.06650047905239896,0.05644880035798245,0.036659532692349846,0.03346065204187118,0.07818629150297532,0.05817628749931038,0.018724391499404837,0.08239487187399659,0.07685731313333641,0.06060287511985786
2011-01-31,0.023440801009572774,0.016932499396151605,0.06092004301808762,0.012276657233387417,0.010471582227084563,0.0006626314866948353,-0.02892520971076706,0.023747676938773336,0.018978815800400825,0.04811036481730093,0.03975971239981973,0.01715344729956943,0.06197887694252444,0.012957476544602553,0.010948612639137871,0.0006626314866948353,-0.028546142548837923,0.023747676938773336,0.018978815800400825,0.04811036481730093,0.0400586903628609,0.03259496937601656,0.03686869182620508,0.0629549671001589
2011-02-28,0.02171262971158924,0.08022400117691476,0.042596297292619795,0.04700887076387739,0.026567295036486527,0.00672603687931471,0.01250349832680121,0.01767748946827117,0.012469775531955312,0.04116443090880248,0.023298594329319834,0.08056237273003436,0.04304092589283318,0.04777080132464798,0.027267013667133633,0.006798496813389793,0.01287998246811945,0.01767748946827117,0.012469775531955312,0.04116443090880248,0.023568546502757318,0.018258473406795917,0.04592837696794812,0.0387334775790623
2011-03-31,0.00407638466265286,-0.004787805489273683,-0.03532049249665541,0.0040644854584919125,0.006942466230102926,-0.00548482136922535,-0.004785899814616518,-0.002270096153697294,0.010310977866660383,-0.006927365346411722,-0.029719078524592213,-0.004519208383530054,-0.033881599245619794,0.004941513126095998,0.007547403279573915,-0.005104874401233139,-0.0043336618220759255,-0.0020652956159839687,0.010658195633461634,-0.006123579576433799,-0.029392068061795742,0.0036794936456767467,0.0007033075924997921,0.004252792601268159
2011-04-29,0.02734839231936735,0.020960911295321294,0.015311182832829178,0.03791896587789076,0.030666553398284935,0.023703563926257793,0.02349095084473853,0.020279422661078756,0.023464568375511818,0.022939367059352865,0.018324521475985282,0.021090418107349775,0.01665855159146867,0.038753804344332204,0.031354785738735264,0.023906619208606907,0.023821844041121244,0.020279422661078756,0.023464568375511818,0.022939367059352865,0.018587970039928278,0.009083599126667475,0.026110292834935524,0.034267816662046785
2011-05-31,-0.011796528759466584,0.004411192755170236,-0.02464393331345334,0.006519195512616979,-0.007090381527357115,-0.006131418202934713,-0.0014351053838822453,-0.0025461377980124937,-0.021065329218995437,-0.006419739917596374,-0.005412650369701816,0.00461782643523847,-0.02403957524943604,0.007540964185625508,-0.006420729551454497,-0.006064783151323729,-0.001306248619272792,-0.0025461377980124937,-0.021065329218995437,-0.006419739917596374,-0.005197566575924305,-0.02587657863482958,-0.014165185681548169,-0.013703341930526292
2011-06-30,-0.029012998974816358,-0.030564430569282944,-0.04521468116435978,-0.03002434705546769,-0.024003683029935028,-0.026118693865740675,0.01931433520453499,-0.04934119279935761,-0.022749835213181423,-0.036523089422365124,-0.015954960476429317,-0.030127946354880353,-0.044584810285423486,-0.02898254575117778,-0.023412010332292184,-0.02591490086436909,0.019714501643756314,-0.049279871730063415,-0.02261482284915213,-0.03620466230456915,-0.01571129775994209,-0.08355393114842143,-0.056465496077921305,-0.04370746636805164
2011-07-29,-0.051246689482232995,-0.04472928668837184,-0.035333076864126456,-0.04083566513483506,-0.026585619927602045,-0.02220147203769481,-0.016706062227956214,-0.05404564018079673,-0.0351895366096803,-0.04860892087995293,0.0013158946784100234,-0.044397995319955745,-0.034065765545679666,-0.039819114053512905,-0.02632728185497101,-0.02220147203769481,-0.01651305984979471,-0.05404564018079673,-0.0351895366096803,-0.04860892087995293,0.0014537404838386317,-0.06371748214186791,-0.06293746364678056,-0.06852659406434128
2011-08-31,-0.10079920886203673,-0.11328404435011383,-0.11241784686528568,-0.06798460920952153,-0.07102925344214979,-0.05740127711173534,-0.05018991803797067,-0.05235682136041756,-0.06716757565848906,-0.07487108086600679,-0.05162027456701639,-0.1130404661192934,-0.1112590607604519,-0.06719230024129026,-0.07073019812740365,-0.05740127711173534,-0.04989175095023444,-0.05235682136041756,-0.06716757565848906,-0.07480329372478571,-0.05118703218720777,-0.07117031895810963,-0.10506049177161228,-0.09311132196970238
2011-09-30,-0.08656069876847353,-0.07077187115452138,-0.11789443882319596,-0.06236863462846338,-0.08966831317436989,-0.03816828732838588,-0.06205892506753317,-0.046112247828803694,-0.1041635314641698,-0.10288952469995548,-0.03975887474418346,-0.07069489773907066,-0.11738623064497783,-0.06137903298148188,-0.08914141864164876,-0.037988677250152626,-0.06174857405472393,-0.04591991961389004,-0.10397403426314944,-0.10242213023347922,-0.03940673003756254,-0.08482099766458141,-0.043368671456978834,-0.05858215045606257
2011-10-31,0.05452969939927865,0.06413970050409258,0.04649030443225767,0.04851511580011199,0.060472932877972584,0.03268844806194161,0.027410536779916332,0.024123322592750573,0.052814501439138094,0.06484511943846932,0.023944054730384964,0.06452173348764553,0.04755573568574088,0.04943793092748979,0.06118986281379556,0.03276210949112258,0.027878432620481616,0.024123322592750573,0.05288118068323459,0.06484511943846932,0.02424491913287625,0.08264213845624022,0.05660238265243341,0.04848429593907648
2011-11-30,-0.055855652020355015,-0.07920005185873456,-0.07280022456453356,-0.06065559369322172,-0.05089917745674691,-0.030973121225699826,-0.03594657333469371,-0.03866622453301993,-0.03597190471577805,-0.07537500249477319,-0.04244334402161818,-0.07894092157451955,-0.07260944507430508,-0.05994645060004512,-0.05038697735211854,-0.03091144639229534,-0.035627920999541964,-0.03866622453301993,-0.03597190471577805,-0.07537500249477319,-0.0418786912742574,-0.04479246546409563,-0.07001244374842369,-0.07845364186651702
2011-12-30,-0.005531391945295284,0.021522534287579168,0.003238811204769999,0.014597545843368169,-0.009538249589827902,0.005821472805880652,-0.023855996145145164,0.03117647923051314,-0.009337381237278435,0.03326534787893169,0.04009063682059657,0.02177767666857637,0.004462350912809684,0.015749207016573178,-0.009144319602644774,0.0059545401449198655,-0.023668088530034073,0.03131371781644911,-0.009089878333302938,0.03381407353272612,0.04039310767068507,0.008478753406972841,0.0005278335742227257,-0.007004158457647852
2012-01-31,0.06983885067938418,0.09258524933076238,0.0718154663122141,0.06384601134465433,0.057811921173073745,0.03284616185025105,0.02863013763291986,0.005176597696333217,0.06479313221153321,0.03574015981559768,0.03648104924775459,0.09279051065936444,0.07311641329032724,0.06525916829863851,0.0584415611489989,0.032983499899251596,0.029149561168565565,0.005176597696333217,0.0648613417874874,0.03574015981559768,0.03675180301710902,0.09744862028386296,0.09972843159407382,0.10010097322809225
2012-02-29,0.04803123149222597,0.06841416783399533,0.04517230865114617,0.0494450827792059,0.04302862133153917,0.01049628587699898,0.03251878635710286,0.03506099373129891,0.04933154454002441,0.09037984061629584,0.02423640232191961,0.06873601796752489,0.0461940765913041,0.05063623879580968,0.043721317020619634,0.010630842486243528,0.03307279991354029,0.03506099373129891,0.04933154454002441,0.09044155734127077,0.02437095893116416,0.07463353823273296,0.04170677547919562,0.03434222130586495
2012-03-30,0.005146933817968838,0.0305102752708965,-0.019446276289950794,0.004954603748989697,0.0008999901119563762,0.006059323695240412,0.016367069862771283,-0.014384244031846596,0.01135986566125958,-0.011106867159369472,0.0123439900629241,0.030791130807544913,-0.01857460119105392,0.006025034295034449,0.001430666219386722,0.0061106951958488955,0.01690308588147893,-0.014255793435665643,0.011548198497585425,-0.010386364489445929,0.012673073293490204,-0.0005618862461266627,0.018830163300554925,0.014569462826830396
