date,RSI_14D,PE_RATIO,PX_TO_BOOK_RATIO,BEST_EPS,WACC_COST_EQUITY,MOV_AVG_30D,EBITDA_MARGIN,NET_DEBT_PER_SHARE,NORMALIZED_ACCRUALS_CF_METHOD,VOLATILITY_90D,RSI_14D_no-fees,PE_RATIO_no-fees,PX_TO_BOOK_RATIO_no-fees,BEST_EPS_no-fees,WACC_COST_EQUITY_no-fees,MOV_AVG_30D_no-fees,EBITDA_MARGIN_no-fees,NET_DEBT_PER_SHARE_no-fees,NORMALIZED_ACCRUALS_CF_METHOD_no-fees,VOLATILITY_90D_no-fees,benchmark,sequential,zscore_simple,zscore_weighted
2003-02-28,-0.039902397171835365,-0.08858225378350744,-0.08858225378350744,-0.08858225378350744,-0.08858225378350744,-0.0503886750444578,-0.08858225378350744,-0.08858225378350744,-0.08858225378350744,-0.0014733648161022836,-0.03797835387959456,-0.0867557653141357,-0.0867557653141357,-0.0867557653141357,-0.0867557653141357,-0.04848564633713206,-0.0867557653141357,-0.0867557653141357,-0.0867557653141357,0.0005276905650277691,-0.053198053925489694,,-0.009156899050226314,-0.08858225378350744
2003-03-31,-0.019979682170421034,-0.1255727996385365,-0.1255727996385365,-0.1255727996385365,-0.1255727996385365,-0.10612179287999121,-0.1255727996385365,-0.1255727996385365,-0.1255727996385365,-0.009189124735309364,-0.017928368537939887,-0.12374631116916476,-0.12374631116916476,-0.12374631116916476,-0.12374631116916476,-0.10396548846422679,-0.12374631116916476,-0.12374631116916476,-0.12374631116916476,-0.006543236227411069,-0.07891921118907956,,0.0151829709465952,-0.1255727996385365
2003-04-30,0.18056171338959695,-0.021834865789181104,-0.01842187047986149,-0.03655250679652948,-0.012334847573948343,-0.030535887956629565,-0.012649098465542546,-0.012805995492804687,0.07110839474966829,0.020691914186895012,0.18290068610551888,-0.01786844379862851,-0.014376642673498377,-0.03268413367908879,-0.008277421324888082,-0.02802489945072756,-0.008666485781930952,-0.008827759286093376,0.07509417770208426,0.023917984803377382,0.030126557276969446,,0.1423671106827635,-0.008546946629627072
2003-05-30,0.2529628399531335,0.007799752604964124,0.056550134813464784,-0.020297868938668615,0.05231223073420288,-0.01920371925396743,0.024418079899014657,0.023265194000555656,0.15220678618270492,0.026721545408926486,0.2557670047980945,0.01217866529425958,0.06232553988914798,-0.01622997851013936,0.056642803523244176,-0.016347381538047368,0.02840069258262625,0.027325160640113026,0.1561925691351209,0.030502869718836253,0.06784936964070623,0.06993639080543611,0.20422188447139744,0.05810215310590569
2003-06-30,0.363558888769337,0.048037807491341566,0.10783050070533123,-0.0005600770255076958,0.07953916668160305,0.017860269664917522,0.05590514574373875,0.04524700818368777,0.22961615333114793,0.05049407048458361,0.3667408821449608,0.053567576376368456,0.11558280013979666,0.003507813403021559,0.08496530820393325,0.021096060494261774,0.059971838495535,0.049507890805093546,0.23389711893883441,0.05482335549187867,0.11648271660970962,0.1890510275416617,0.3152947486300103,0.16917501726451856
2003-07-31,0.3237314424275579,0.0852278464832199,0.1543105786741002,0.03451385846275218,0.11038121554880943,0.06412712635705757,0.09753882175739537,0.0888448678469485,0.27277126366699594,0.06294548759810488,0.3273487501783898,0.09106903290431065,0.16401901504726218,0.03858174889128143,0.11622322010942612,0.06756707439410028,0.10160551450919161,0.09310575046835427,0.2770522292746824,0.0680315428920821,0.16438610550511829,0.22711402691808183,0.3361021788407411,0.18210086120750182
2003-08-29,0.41085918961183143,0.12134684798137405,0.2084547961521973,0.10131369563249866,0.14543566170416414,0.08191287051700802,0.1320607720907027,0.11934498388509852,0.3680296671965512,0.10212186176748961,0.4147193291021658,0.1274717757937611,0.21941839872630747,0.10574973884238414,0.15196286730987743,0.08556241210780528,0.13612746484249894,0.12360586650650429,0.37238053666659454,0.10770370966521739,0.21692853957447183,0.3361056210666533,0.39474534032978575,0.24363088194198768
2003-09-30,0.42564956217441047,0.1219999832443707,0.23258134204280248,0.11720111977285914,0.19010294155308372,0.10670990508633109,0.1126747851511785,0.15705642862173008,0.3775908233385011,0.12253296386297619,0.42979952320738735,0.13006115735931006,0.24525250040218924,0.12196317797801196,0.19698454373735513,0.1105609764008876,0.11687358131613321,0.16157810903103387,0.3822640920770567,0.1285112995913221,0.21763416866423876,0.37921780798931004,0.39746972584032497,0.2487911945352725
2003-10-31,0.5028566151264654,0.17922709189209898,0.3009241074956387,0.2083852240396065,0.2523568312341642,0.15277151051999321,0.1693232520310772,0.22272911677968865,0.46902025294742256,0.14945237777505238,0.5074695498445312,0.1894069576075348,0.3147459248965071,0.21337675025915415,0.25930168053214314,0.15682828042483826,0.1735220481960319,0.22732473336941317,0.47369352168597817,0.15603318044098735,0.2901127351600746,0.4826831709477261,0.4961324737382142,0.3474539424331617
2003-11-28,0.5172038887824684,0.18372163130782715,0.31262598437382205,0.22204118877652093,0.2859063909234775,0.18445389340772167,0.21144258318219797,0.23904936592978426,0.5058229886254866,0.18074905687159176,0.5223049365265675,0.1939488113190898,0.32684867406631046,0.2272249488278857,0.29312377901288184,0.188843138738154,0.21564137934715266,0.24364498251950878,0.5104962573640422,0.18808856516207995,0.31698968113747955,0.5049154664955814,0.5242068954039791,0.36646355510195666
2003-12-31,0.5213582441281794,0.16934807368206534,0.33970733787704294,0.19879678429773628,0.3032465016896664,0.1869716474428976,0.2168149985001099,0.24551033786795454,0.503715801863904,0.21561284213484017,0.5267347912323691,0.18155045698465913,0.35585375073120545,0.2041235420671177,0.31154146500512264,0.19175966497938957,0.2210801857679101,0.2503803504061654,0.508769043057501,0.22343160904660045,0.3151607853690374,0.4890195180724112,0.5665331487179324,0.3531365411077242
2004-01-30,0.6258657425755112,0.25844575617971133,0.3818918188134832,0.2697074131271996,0.38490308498263764,0.229694081459816,0.24082257967103865,0.2895261458820441,0.6542737435944519,0.293759184226181,0.6313968727520066,0.2726814470763119,0.39999026387626685,0.2752630246565399,0.3944472951084693,0.23481820308809775,0.24508776693883885,0.29439615842025496,0.659326984788049,0.3019118511718487,0.3724086128496092,0.5827267921836332,0.6285115834858043,0.43083011948014305
2004-02-27,0.639639882963214,0.2563988423572714,0.43852912764486957,0.3158508854560851,0.393794940851,0.26421482083635156,0.25439883682823033,0.3331110524021394,0.6895133248502564,0.28684321189899065,0.6454967131636058,0.27263443923819575,0.4571047718340788,0.3214064969854254,0.4033391509768317,0.2695408063591724,0.2586640240960305,0.33798106494035024,0.6945665660438535,0.2951969544640589,0.40554302431891626,0.6287983170138883,0.6654939984314334,0.46095531695350694
2004-03-31,0.6143165025456195,0.2555128793767756,0.42276834773697114,0.2919845655279765,0.3775291609904876,0.253766184047136,0.247319960820082,0.33022389534257585,0.6557191488312487,0.3030338993811134,0.6207314725055373,0.2726366996054584,0.44291165070017346,0.29754017705731683,0.3883697731129879,0.25928488256023485,0.25219939442564565,0.3355541810741536,0.6614812193167868,0.31164872491413353,0.3949523144064172,0.5912357651563757,0.6652645073191332,0.44904309490894784
2004-04-30,0.6213227480053898,0.24301940794415278,0.43530995195470806,0.31072523073725933,0.37135379086971104,0.25396874695061716,0.28104871062875214,0.3521244219411051,0.629243117124724,0.308633470655891,0.6280072948300421,0.2621221991719686,0.4569325533259505,0.31628084226659964,0.3825929403633444,0.25987776810977115,0.2859281442343158,0.35745470767268284,0.6350051876102621,0.31738126576705,0.4170785173292066,0.617209664398295,0.7077145082086136,0.4716887998042118
2004-05-31,0.5447975785321039,0.2242874334977562,0.4058972878308946,0.295176492816839,0.3634301003968803,0.2529180638843465,0.2751000064002155,0.32026439310363175,0.5825281458293775,0.2879219614076534,0.5516856634062438,0.2443457003476794,0.428960963372797,0.3007321043461793,0.3751363227422991,0.25910405578825896,0.2799794400057791,0.32559467883520954,0.5883456152088421,0.2968633551622923,0.39399868457773246,0.5590188897440701,0.6761913754234812,0.4489727392263726
2004-06-30,0.5608238324854276,0.2562102804800817,0.4413447821054305,0.30208606587554865,0.3766263189081483,0.2715058873755474,0.3172334109204499,0.3520981747782571,0.591121047854493,0.2911774753432607,0.5680549242568652,0.27785960717803304,0.4657459518785782,0.3078462831679255,0.3887906626562517,0.2779546364488512,0.32225352473535573,0.35756789280951295,0.5972579864353555,0.3003953197129755,0.42743720158006854,0.5568636298819498,0.7269893709109172,0.49924648628478235
2004-07-30,0.5115028380829,0.22093933190852766,0.4193608866555105,0.2608943864611689,0.3768084074194012,0.2947298893076511,0.308204783787015,0.3415764201901507,0.5413486655507496,0.2873451141829202,0.5189910728800543,0.24452198335884062,0.44545935660901365,0.26678901492924234,0.3892506407105943,0.30149615755643533,0.31322489760192085,0.34704613822140656,0.5474856041316121,0.2969675473031565,0.40274040168378894,0.5127410761528185,0.7253090988791157,0.49355062204914957
2004-08-31,0.45414786724804945,0.19096253230995314,0.3862382667691552,0.25121779016751455,0.3853093034386435,0.29388045795662604,0.31122791393984717,0.33891798165831816,0.5096390437013801,0.2873373949627725,0.4618896613296243,0.21635307988664754,0.4139445913450131,0.25725061299194174,0.39890730724097034,0.3009606558668797,0.31631556409847406,0.344455236033295,0.5157759822822426,0.29736323517180074,0.3872293948818962,0.49622828380811174,0.7108922873951552,0.4764053430328291
2004-09-30,0.51604700354949,0.19096387927969155,0.4236180245420223,0.2797814478741393,0.4418626686624997,0.3143678934912476,0.34961164562855307,0.347979867492268,0.5517151038505412,0.320726041286043,0.5239428801041205,0.2181041638293753,0.4530505828803208,0.2860174228699406,0.4568808020171351,0.3216445938804298,0.3549928033480023,0.3539674695345716,0.558502908256712,0.33116138997968836,0.4103295510718289,0.5360753350351548,0.7387076688799624,0.48045456681795135
2004-10-29,0.5340775060520478,0.18760975291123927,0.4540849101473007,0.2925673166294292,0.46236033092772255,0.31858584542556134,0.37234858864685605,0.35457683625163,0.6066482369192667,0.3343347372619573,0.5421932291159193,0.2156819223895168,0.4854395282059918,0.2989406608525543,0.4787620755437817,0.32619230653239517,0.3777297463663053,0.3605644382939336,0.6134360413254375,0.34506174817444674,0.426319165323573,0.560787125807313,0.7607623888929061,0.4795961825664309
2004-11-30,0.5794788526342352,0.20967649852602788,0.5194687338786127,0.32656134888470323,0.5132903438102487,0.32471778622632386,0.3984350249736724,0.37681342240681764,0.6542090684430252,0.33598707229109925,0.5878738949601369,0.23930818613366175,0.5525213919290193,0.3331405612723835,0.5307224601759966,0.33252983836670846,0.40388530542961143,0.38280102444912123,0.660996872849196,0.3470936088267991,0.46210155668653285,0.6120895887384226,0.8072477049317813,0.5260610221866286
2004-12-31,0.6212533293436846,0.24162613103288433,0.5510913701011709,0.3331932536628948,0.5497870983483819,0.34324665479279587,0.42945014630950873,0.3868232519528802,0.7063639947040286,0.3439664022702151,0.6298688976121436,0.2728638536501137,0.5855110157209908,0.3397724660505751,0.568168060124448,0.35133457499193577,0.43496143596584047,0.39294258975432694,0.7138737717796801,0.3552231154417948,0.48813105762125575,0.6339292847538697,0.8440871286313949,0.5522377821016133
2005-01-31,0.7197512517249709,0.3098710332480955,0.6432272863904573,0.4071760994063724,0.6066610335901348,0.3717460374468997,0.4895462934680236,0.45645811032303635,0.7961723971141552,0.4096556314851358,0.7285187327627061,0.3423641450730108,0.679478526925525,0.4139757466486244,0.6261249218334368,0.38003543824401137,0.4951455782474903,0.4625774481244831,0.8036821741898068,0.4212125194284237,0.5525927708962597,0.744632982745476,0.8899121986332323,0.6280080784103088
2005-02-28,0.7923497705191584,0.3470635974237164,0.6969807525493128,0.4443894593449412,0.6618790109983843,0.39591156610977696,0.5082765766299031,0.49692497339121877,0.8749625782231446,0.4604823159410103,0.8014049985297785,0.3815670210480857,0.7347654827417198,0.4513987306530593,0.6822648335102731,0.4044049469091673,0.5138758614093698,0.5030443111926656,0.8825378302202934,0.4723390891284073,0.5968550893182554,0.7890838534195721,0.9508581026929903,0.6856187325698687
2005-03-31,0.7980746021331145,0.33420973752624056,0.6831946818927052,0.4414460360537846,0.6878306941332782,0.390218919896401,0.5035186905137422,0.5073914580923536,0.882462793547819,0.4706289168327676,0.8074000852784298,0.37014188758683325,0.7225665736870696,0.4484553073619027,0.7094810406324474,0.3990363433916815,0.5097079151420627,0.5142598986095094,0.8911151183642416,0.4826969442470634,0.5981726159676901,0.7814796564110773,0.9646158209161384,0.6897442607619662
2005-04-29,0.7258443012288603,0.35055030602111603,0.6632960058571742,0.4154787550653526,0.670272405636037,0.3624151741338334,0.46469382357574873,0.49996975644473546,0.8515136887638028,0.45336593975930756,0.7352952422570925,0.3883963559122567,0.7039034879542175,0.4224880263734707,0.693234525443787,0.37148544462044614,0.4709478425149075,0.5068381969618911,0.8601660135802255,0.4656303641016421,0.5646642203645158,0.7361347840751874,0.9318164598074531,0.6688214901534498
2005-05-31,0.776490087433317,0.40398952737583177,0.6662651520723128,0.4544388439068459,0.6831368619942225,0.3853358121989285,0.5117222215009627,0.5243603157825671,0.8946264912351032,0.45337014346228716,0.7861498137027041,0.4419664372553508,0.7081687606530033,0.4615211488246714,0.7069786707231207,0.3948118075858082,0.5179762404401215,0.5312287562997229,0.9033454827181925,0.4659105117195964,0.5995394545448008,0.7891280604213506,0.9598434455641894,0.7152519188749196
2005-06-30,0.8452019371547826,0.4688023780254541,0.6951953925066127,0.48470660268984117,0.698661036884336,0.41971400581864543,0.5659998025608143,0.5485588393619806,0.9449125863930585,0.5010974165442176,0.8552222200639051,0.5087388539539964,0.7383499283762772,0.4920033920701543,0.7234550747411117,0.4293882024411003,0.5724859163184552,0.5555675555580301,0.9540482359712192,0.5139859620420522,0.6411433684900134,0.8157627617071481,1.0182877099850312,0.786406871141383
2005-07-29,0.9242645286535398,0.5002238036694963,0.7310664600768423,0.526126495128,0.7087905895638574,0.4492372610704561,0.5948948714367704,0.5798602516792178,1.0072498193886945,0.5529136864402266,0.9348041523051231,0.5405891773348419,0.7753792532058321,0.5336251930660915,0.7342614190168414,0.4591894056029627,0.6013809851944114,0.5868689678752673,1.0163854689668552,0.5664597887004742,0.6859198048315744,0.8678793948379729,1.1076500502031448,0.8302126134530738
2005-08-31,0.9484970601809064,0.5011469918463352,0.7664101728107359,0.5441502380897822,0.7422476298953106,0.4759448048062787,0.6111584368752181,0.5959785052188062,1.0023492049271485,0.5712238443555852,0.9592491737805605,0.5422715027988512,0.8120247860113418,0.5518539444566535,0.7688733139902194,0.4860402997121785,0.6176445506328591,0.6029872214148557,1.011549231681016,0.5855190004790543,0.6985624348033534,0.8670905769687676,1.1269302312442837,0.8383784053333061
2005-09-30,1.003522117996432,0.562122549670441,0.803726498518415,0.5758426025111232,0.7898852242584113,0.5013653379666277,0.6273007929659505,0.6483147100218973,1.0670959309387806,0.5901216282065342,1.0144122652733492,0.6053097299378465,0.8506079759609197,0.5837517469774012,0.8175537759614846,0.5116149515141296,0.6338519249546269,0.6558334945817155,1.0771147953434839,0.6050974192905323,0.7498110010794058,0.9133746328726462,1.159803278081551,0.9130662920030126
2005-10-31,0.9416643851884835,0.5372167640434419,0.7843748891332833,0.5422132912899508,0.7998213215028266,0.4797226510959919,0.611349353350451,0.6090107387338684,1.0188368139376527,0.5685868034895101,0.9528122076332041,0.5821625483529441,0.8323026599076345,0.5501224357562288,0.8285567453278248,0.4903629863191161,0.6179004853391274,0.6165295232936865,1.028855678342356,0.5841329037650406,0.7071158460126679,0.8661513707800484,1.106857604314522,0.8676096895611092
2005-11-30,0.9549628111622419,0.5674062096842484,0.8012281443249739,0.5451980975067062,0.8171281702444682,0.4861770008040441,0.6309261495699412,0.6308656576903741,1.052351507475819,0.5762385306519128,0.9665148559599528,0.6142968518003978,0.8507920143693016,0.5532314734716518,0.8466074118184103,0.4970103068687942,0.6374772815586176,0.6384462051512152,1.0623703718805222,0.5921850092168757,0.7269197405741041,0.8750585078059888,1.1483514894527458,0.9163645114631108
2005-12-30,0.969515943828641,0.584480551377074,0.8047167502329664,0.5955296731069949,0.8242125464381194,0.506400583603465,0.6679027996583614,0.6663920991139456,1.065112182809212,0.5841862452200335,0.9811403917406338,0.6332710739308404,0.8554923154795268,0.6037806766914943,0.8547151120840538,0.5175043987472462,0.6745246499839919,0.6741835900755178,1.075383954620847,0.6004714345206855,0.7544410250224816,0.8916666029430396,1.1632752364285892,0.921371263068171
2006-01-31,1.002448782650759,0.6593910871873616,0.8544381419376642,0.6362114752671114,0.8705463726676361,0.539503537494981,0.661034762159743,0.7166066370951266,1.1497052192349129,0.5910184553385943,1.014402681912786,0.7098821235612425,0.9066302192252734,0.6446012790209622,0.9019674636092574,0.5508684070374508,0.6676566124853734,0.7244650158433413,1.1600510800046897,0.6078248502338729,0.810858286340352,0.9510377578960841,1.206975243012857,0.9853077105578566
2006-02-28,1.0481344008943507,0.7183475646870923,0.914232429016746,0.6809048170705058,0.9520547792128272,0.559313585746362,0.6815346827462205,0.7349362556603835,1.2365341038164601,0.6381856543829083,1.0603655154516742,0.7706887604462794,0.9678416660661006,0.6892946208243566,0.9838868632925546,0.5708142599588367,0.6882261959466855,0.7427946344085982,1.246879964586237,0.6555433051093636,0.8576037247506154,1.016041143238655,1.2505272446660136,1.0422058518279906
2006-03-31,1.0910696832791738,0.7541829552792448,0.9315591240895571,0.7219904511071183,0.9781093038593063,0.5960888851674304,0.6848124033178941,0.7872362183847614,1.3128368982256708,0.6502303664256859,1.1035788683573766,0.8079873183945213,0.9864082611834747,0.7305895296686549,1.0109763470877147,0.6078600922502493,0.6918819449297914,0.7957943030523217,1.3242123821621599,0.6679091392867532,0.899707153132598,1.0623488323159231,1.2817987561623825,1.0949758171859536
2006-04-28,1.099554510160693,0.7647088877927568,0.9748482957681366,0.7366602623579991,0.984526990537412,0.6140198600430787,0.7091176908950109,0.7900268968716562,1.3169540827796085,0.6673626387466172,1.1123150505193329,0.8191527165515103,1.0307512141922843,0.7453969244003885,1.0181371654262388,0.6261475350080602,0.7161872325069082,0.7985849815392164,1.328390137269229,0.6854308621423876,0.9215992500460025,1.0663544379459018,1.3115174215835717,1.1112328821143307
2006-05-31,0.9944296670571544,0.7064085412269153,0.9002931484113589,0.6666351008919027,0.9364060684403236,0.5561034482653103,0.6479223824649336,0.7441973420828784,1.2466899436776653,0.6282989308506678,1.007313215233295,0.7627395436398455,0.9572493879136923,0.6754998108991352,0.9709692250452449,0.5684846814174527,0.6549919240768309,0.7527554267504386,1.2581259981672859,0.6466265754520656,0.8526424235139343,0.9657424925652035,1.2360498409412244,1.0595808521667216
2006-06-30,0.9620711373500319,0.6486500039338676,0.8823648968000628,0.6629018778869376,0.9250278295783961,0.5252131078263863,0.6449178959042775,0.7230857669719595,1.1974832063659238,0.599200661693707,0.9752766645381773,0.7059037886772744,0.9408143073638904,0.6718979203465624,0.9606437204031087,0.5377923348925984,0.6520565513489244,0.7317068679612106,1.2093738450146905,0.6181993622049938,0.8370789453511126,0.9288286806744764,1.2235372355402432,1.0766074290912468
2006-07-31,0.9383034360759585,0.6360031537599276,0.8659232934132247,0.6700753066883459,0.938068161433933,0.5152294380328716,0.617721010607319,0.7136543222147101,1.1675071444836702,0.5917165224520551,0.9519774489283356,0.6943074709188782,0.9258260428195844,0.6793622761647743,0.9742758499714596,0.5281428453189698,0.6248596660519659,0.7222754232039613,1.179397783132437,0.611526055438717,0.8295262922656368,0.8966036371433107,1.1998673597360154,1.0852479140171885
2006-08-31,0.999617931148915,0.6791736652805884,0.8982703031329063,0.705663871594471,0.9689905754660034,0.5316742948271228,0.6621030099881153,0.7298780376414321,1.1880625950174646,0.6332007210180107,1.0138569232260148,0.7394984776210616,0.9587729250098503,0.7152960176208041,1.0059231978603314,0.5450608457484245,0.6693204868698819,0.7384991386306833,1.2000230791089168,0.654262610510063,0.8553387409779808,0.9521020686895577,1.2455773636759997,1.1391282226587394
2006-09-29,1.0138848491266046,0.6961415811439615,0.9253982768405912,0.7342115211181028,0.9884836254261022,0.564353116671746,0.6738084925269808,0.7471775925202875,1.191839068006285,0.6609295169164368,1.0285839347999977,0.7579521373011874,0.987276758498344,0.7440551809328069,1.0262277646038684,0.5780761327165485,0.6811584309098141,0.7565404513682439,1.2044416917025607,0.6827401399229347,0.8752615085818891,0.955316275109877,1.285149989228138,1.1419901041687854
2006-10-31,1.0570041273513417,0.7418730356590775,0.9722344133125824,0.7825088117912617,1.0165639416743948,0.576975224749529,0.6773079034937879,0.7749946742046709,1.2467430847712455,0.6880811591630117,1.0720515921903047,0.8057132086439998,1.0349523947211736,0.7926240177186435,1.0547144169405576,0.5909115861729154,0.6846578418766212,0.7843575330526273,1.2593457084675213,0.7106428463960265,0.9073684346331417,1.0079951009211694,1.3318534051199191,1.1935156366187378
2006-11-30,1.081320808840319,0.7737175326688426,1.0441251823394662,0.7865738265348501,1.0248865728918348,0.5841219055718259,0.696555380178052,0.8161803126009047,1.2924280368366265,0.6887164277867048,1.0967834955166276,0.8375577056537649,1.1078809097646032,0.7967696925891635,1.06337392698324,0.5983177287245867,0.7039053185608852,0.8256238315757929,1.3050306605329023,0.7121415524498453,0.9301018925325794,1.0825659275000674,1.3618693158205875,1.2053808269391089
2006-12-29,1.1607977827428937,0.7998856395581989,1.0701479057221561,0.8283992098984658,1.1221926013285262,0.6175945138452257,0.7244893745681464,0.8744193310084609,1.414575402151985,0.7314537010506165,1.176972291216259,0.8655752934408898,1.1350178753834301,0.8388594301286396,1.1614057726353113,0.632004600706816,0.7319786826645289,0.8840767026525184,1.4274554734711844,0.755367351650985,0.9727985882992126,1.1948113558430258,1.4444014131904626,1.2561268179352745
2007-01-31,1.2081604676290485,0.8383885836975012,1.1196727870840304,0.8711007579741274,1.1810019532200724,0.6371689113630826,0.7556767170389608,0.9219622636888237,1.4813139597410605,0.7573183038074445,1.2250764575636084,0.9058694805918381,1.1853133873157933,0.8818361378339062,1.2206283441009635,0.6517114917346287,0.7631660251353433,0.9316196353328812,1.49419403106026,0.781708005336568,1.019436217766616,1.2337948679651598,1.502392060922646,1.3172831571899077
2007-02-28,1.2225302223351489,0.8447389233877011,1.1473869750588301,0.8736944390159165,1.1939586587794226,0.6284604195062047,0.7489147240865134,0.9392697697953032,1.505409787530789,0.7591626107155002,1.239928556994451,0.9132959287725276,1.214065691692826,0.8847060492704694,1.234113390717527,0.6433349733865228,0.7564040321828959,0.9489271414393606,1.5183573971682787,0.7838873031663786,1.0217858607830639,1.2748587792691726,1.5414328543062616,1.3315713491007508
2007-03-30,1.2802258806143625,0.8732817240676309,1.1621831195678722,0.9161202785957449,1.2321646778159523,0.6461336454659348,0.7746689035710606,0.983593250072835,1.5224793167129638,0.785484246928988,1.298274131734075,0.9434566850644048,1.2300402695609691,0.9274705810938383,1.2730158358954586,0.6612781095346275,0.782437142196693,0.9937976937990858,1.5361702710466723,0.8106398675235391,1.0589066647168306,1.2857560272584105,1.5876005617078017,1.379779305584282
2007-04-30,1.3581357950193302,0.905484243818662,1.2222365607821857,0.9527121652607351,1.285205307471253,0.683553878523741,0.7820138149530828,1.0461684333333745,1.5591786701473969,0.8149999091434388,1.376688626464536,0.9764929431149763,1.2910539611134573,0.9644165319230948,1.3269333560932588,0.6991004119522652,0.7897820535787152,1.0563728770596252,1.5728696244811053,0.8407614532288551,1.0995702926996327,1.3665821703400802,1.6405677296558483,1.4259418917601618
2007-05-31,1.3874977347218964,0.9260753960175804,1.2721258567526403,0.9644778086536215,1.2980652562788864,0.7298261598041632,0.8169376615988506,1.088252710854527,1.6081947925784148,0.8457334314557686,1.4066227898548394,0.997995307471989,1.3422116260613697,0.9764562221746389,1.340424491065828,0.745703230750076,0.8247059002244831,1.0984571545807778,1.6218857469121233,0.8718962253163732,1.1310423724425642,1.390216521675673,1.663012040073418,1.4659141689985589
2007-06-29,1.4252991200912057,0.9117227722910005,1.2786920289695083,0.9763633737576467,1.3084661238418562,0.743147681991618,0.786299019849497,1.108123784507867,1.5943698044813004,0.8422600356384649,1.4450926788994412,0.9855023672601227,1.3497283632985295,0.9886204594042365,1.3513561003271708,0.7592909423489187,0.7940672584751295,1.1185475395981759,1.6085981439614307,0.8686829656055783,1.12905643188555,1.391229480907754,1.6652710051589519,1.4603941172315977
2007-07-31,1.407308482894807,0.8865928822834506,1.2848930586549936,0.9579892484396754,1.3134099989333619,0.7331938687969893,0.7458890999346514,1.101399425608088,1.5934580934436104,0.8386008243632792,1.4276212923097131,0.9611452629138383,1.3568643774794085,0.9705107769907257,1.3566155932487511,0.7495342983540123,0.7536573385602838,1.1118231806983967,1.6076864329237408,0.8657378065129735,1.1134353374568777,1.3767590119239423,1.654641862198497,1.4600881167306436
2007-08-31,1.3288916325891185,0.8281279428115573,1.2130934153418862,0.9117651274657402,1.2615315398527978,0.7206497618141107,0.7364466406999702,1.0672249463180667,1.5741376100058821,0.7906898331082152,1.349685637950651,0.9034060375477244,1.2860388844163038,0.9244809813533327,1.305115060483702,0.7371888582961061,0.7442781520458659,1.0776487014083755,1.588431684171052,0.8183452273966623,1.0784409624651843,1.3114503496840229,1.5934890313790735,1.428353730630825
2007-09-28,1.3472491064468834,0.8041903490218987,1.2095996504413387,0.8860135080066719,1.247258398009204,0.716630217091742,0.7154223684630048,1.0888329718934995,1.562240526386065,0.7939889751255951,1.368440479259716,0.8808807935421812,1.283738490181486,0.8990619147159272,1.2914902788173854,0.7333350067409178,0.7233173458609546,1.0998134782378466,1.5771814573427394,0.8219604850936437,1.0600202099706506,1.2982781652812452,1.6186794033484422,1.423382350205987
2007-10-31,1.3737071383390453,0.8351623331944519,1.256410196604697,0.8809727393781707,1.311124268997851,0.7825969077158736,0.746694488456776,1.1388309643808008,1.6026576416035956,0.8137642016167401,1.3955768265411368,0.9131669124202199,1.3313068792028784,0.894230338468174,1.3554918555761002,0.7995865325804723,0.7546578475805907,1.1498114707251479,1.61759857256027,0.8422888500973839,1.0828701723304288,1.3101523294667665,1.6464371772139226,1.4647609728692836
2007-11-30,1.26769796061847,0.7383721301272882,1.2007945336443047,0.7817562106546131,1.2632409263511983,0.7362816466666702,0.7082649634975042,1.068890048101772,1.5066607617522063,0.7573234510915353,1.2901776751039413,0.8177002329887099,1.2768745190537285,0.7953227071048579,1.3077294564905568,0.7535777666131281,0.716228322621319,1.079932001343659,1.5216016927088807,0.7866582551268662,1.0010108973913634,1.2167564914362032,1.5698006263908106,1.3901870473348896
2007-12-31,1.2631505954017717,0.7057131151227481,1.1786021926104597,0.7681654353597926,1.2211990230489929,0.7447416580014895,0.6962290182887001,1.0415110137815846,1.4551313460624764,0.773858759108835,1.2861095652090706,0.7863236834172477,1.2556542732177765,0.7821837436370304,1.2659377083520351,0.7625233569247689,0.7043349069805636,1.0527563072411381,1.4703134166531997,0.8036743883890142,0.9820455521461198,1.19230438389979,1.5815901378103268,1.3717395662981637
2008-01-31,1.1149093847676759,0.5267019602279406,1.0743155090451317,0.6464162464363112,1.1123797047605664,0.5963717198614698,0.5823305182901264,0.8962776130557011,1.2610051212304867,0.6673245436691896,1.1381568669197681,0.608499384512931,1.1524019187930368,0.6607885968271027,1.1573008322438398,0.6144211894102317,0.5904364069819898,0.9075229065152546,1.27618719182121,0.6973830828843977,0.8397739710779509,1.0770657690000103,1.5027787284085876,1.2464088926058667
2008-02-29,1.1560017631726607,0.5472654270297993,1.1015764187638895,0.6363502584458576,1.1481905235068783,0.6479488418603725,0.5919314970145151,0.953598400622599,1.2873241796085657,0.6763537815777685,1.1796004823504016,0.6307546425568671,1.180740318894699,0.6512981541245179,1.1931759907987065,0.6666316587587867,0.6000373857063785,0.9648436940821525,1.302506250199289,0.7065556770630902,0.8574341061171236,1.076883422204824,1.540722482366874,1.2638278992668082
2008-03-31,1.1125000259096365,0.4947169090622288,1.100087974199464,0.5866939771580372,1.1208917539404242,0.6052053713274196,0.5282718140923094,0.9252216985639805,1.2174945447889154,0.6720570800686807,1.136547408788065,0.579657084141377,1.1802383706357775,0.6022299831470997,1.1660725972420265,0.6241346581679474,0.5366192973961964,0.9369760292283491,1.2335079930864992,0.7027796425877458,0.8310598396458824,1.014799783765032,1.507176066995919,1.2234212391341812
2008-04-30,1.1713672672869022,0.5504675241747878,1.1207168323760224,0.5849771782032794,1.133384057751928,0.6525138036520068,0.5501827715265568,0.9845994927781537,1.27948169279872,0.6880978861498535,1.1956794263355324,0.6369045324729621,1.2014066075505572,0.6011276375480894,1.178635768584719,0.6716554961176856,0.5585302548304438,0.9963538234425223,1.2954951410963038,0.71923240413627,0.8639663999254611,1.0693146122802963,1.5358142429524346,1.2576031629650217
2008-05-30,1.251804435835226,0.5663729890720296,1.1494265582102914,0.6093887871126871,1.1471461298068475,0.7014075115192173,0.5583025858476622,1.0124091335012466,1.2942792928337667,0.7232892720495478,1.2764908301140725,0.6535400562511705,1.230738252824572,0.6265264223426775,1.1925966321377843,0.7208916224643473,0.5666500691515493,1.0242368317920119,1.3102927411313505,0.7546934113657883,0.877404854723392,1.1087900099967483,1.554222678941076,1.2755007023571767
2008-06-30,1.175883101466841,0.46908300686861937,1.0725943719605509,0.5035456797841541,1.1058231792522106,0.6509593449224804,0.42204746609176513,0.9632707573478388,1.1612311021485322,0.6771394023700368,1.2008159118741137,0.5571975171864749,1.1546003040394635,0.5215327811569334,1.1514108514843526,0.6708103944094022,0.43045210253743316,0.9752267918802945,1.177769400160635,0.7087404003946596,0.768204687187171,0.9678220955070851,1.4778403718735151,1.1944595562511304
2008-07-31,1.0996696823023753,0.42260704999613086,1.011314817655017,0.49119646256401517,1.047810630239237,0.5972372531150243,0.4065301033784986,0.8999787535245737,1.138018792443773,0.6282737570216673,1.1247841548030229,0.5115444521118858,1.093902471430122,0.5101696554628192,1.0935220670767873,0.6174170129579787,0.4149347398241666,0.9119347880570293,1.1545570904558757,0.6601902767093554,0.719505788480177,0.912330443718272,1.4570980724890605,1.178370890171245
2008-08-29,1.104717030936657,0.46296353761576947,1.008438490889992,0.5098494167764009,1.0247247776595994,0.5672310643520939,0.4335136805289459,0.8975733137924536,1.1531452338183776,0.6215383916941025,1.130103366884786,0.5532922723952469,1.0914983884406453,0.5297378165561364,1.0704362144971498,0.5876071187630161,0.4419183169746139,0.9095293483249093,1.1696835318304803,0.6537885865786734,0.7476489109808001,0.9750466672528343,1.4956702295094544,1.23930495551575
2008-09-30,0.9853880255447997,0.32660181364903956,0.9011328804884647,0.3768192934421951,0.9405496316530949,0.43091037996288095,0.31228859104006,0.7310764418890168,1.016783401206933,0.5648864309131367,1.011335562399515,0.41808028111683987,0.9849011108027136,0.39785781273816817,0.9866336292207423,0.45133073860688655,0.32075941937294,0.7433445504340647,1.0339142908547805,0.5973907016837297,0.6039066252220621,0.7911675783685763,1.3641551177786981,1.085860999502199
2008-10-31,0.7091211288278688,0.04908088820479173,0.7108266981718747,0.17404650087995932,0.7637045216311497,0.21486699475214363,0.15451558446608743,0.5046355709228254,0.8205173607470814,0.3971021805095353,0.7354022185147081,0.14158564901179221,0.7952173416345338,0.196134692345655,0.8099273679586368,0.23561681556595718,0.16298641279896742,0.5169036794678733,0.837697654862545,0.4299658292112189,0.3896191171292706,0.5132788086285696,1.1938487649757537,0.9566179848117391
2008-11-28,0.6484919041012401,0.001676878952087825,0.6338681858673553,0.11627449768750475,0.7181474358934292,0.14204865553958496,0.11242627881319765,0.4582704412364457,0.7356765455838561,0.3911057267375799,0.6748432799935705,0.09583253043955209,0.7185843303247036,0.1392174263615176,0.7643702822209164,0.16334043679511875,0.12089710714607764,0.4705385497814936,0.7528568396993197,0.42410160906418803,0.323672772789781,0.49319262379542483,1.161903357010928,0.8548434332242525
2008-12-31,0.6253717939358338,-0.03774271715191905,0.6342935052504436,0.11236667323898518,0.7363440232427582,0.13499479806054882,0.10698973518819448,0.48753943680488615,0.7392888135745757,0.3634928581236018,0.6517817233245287,0.05733708924211723,0.7196338345654375,0.13664148023494305,0.7828313157369184,0.1566193558363443,0.11560529436899962,0.5000190244067312,0.7568868621440885,0.3966000852998066,0.3185260987185992,0.5071837701260749,1.1743261220111914,0.870163834091427
2009-01-30,0.5927596324829139,-0.06844633940713447,0.6200400606294985,0.09955983668859934,0.7105263208277154,0.05453773854652903,0.08254040014303449,0.45617344637939616,0.6968228261767463,0.3436005937368491,0.6195460678424313,0.02765832055311451,0.7059099293967059,0.12497123976518036,0.7570783354826821,0.07663483136147069,0.09115595932383963,0.46865303398124125,0.7144208747462591,0.37709973233408567,0.2833534439050999,0.4787065557986663,1.1327342377459466,0.832070386867931
2009-02-27,0.48027675232476297,-0.18970497001237832,0.5851518229906555,-0.022038930838508372,0.6805271249298098,-0.012913578678254975,0.01818427440154395,0.3873810820277527,0.6018731277452308,0.32140483311574286,0.5074763884667597,-0.09224883012023198,0.671505981816224,0.004277338559371915,0.7270791395847765,0.00943065220125526,0.026799833582349095,0.39986066962959776,0.6194711763147437,0.35503511018811174,0.2018448788026893,0.3874947740155658,1.0767578765681467,0.7557823632838663
2009-03-31,0.535851013567615,-0.12227006270553942,0.5584163601103157,-0.02182427056197047,0.6548903487459098,-0.00699257390889706,0.03679218371874339,0.42538154177013077,0.6813003276492765,0.28343068871833105,0.5633238039955023,-0.023270551851483107,0.6451338543937386,0.005886797451576244,0.7019726390021261,0.015676457369475854,0.045763940831739354,0.4383055177805095,0.7000745737093129,0.3173684597468671,0.21491207394306028,0.4520787365158119,1.1058943768666691,0.804616782025984
2009-04-30,0.7287019518969052,0.10072825335763097,0.6876023700318135,0.12674300589178727,0.7315231030451895,0.0871109748652092,0.14156279825451068,0.5445383490642072,0.8500068378098726,0.2940293192632799,0.7565881345274993,0.20115904003719903,0.77486042775086,0.15567280341506184,0.7786053933014059,0.11006095840693238,0.15053455536750665,0.5574623250745859,0.868781083869909,0.3281736859015394,0.36561766623754843,0.6776895875198328,1.2631828102809035,0.9803580195056198
2009-05-29,0.7807141448673267,0.18293299143443248,0.7308497694153816,0.20386550892785468,0.7713494131739604,0.11850948860294391,0.162044593624154,0.6125890996047416,0.9060626625441022,0.3211801885618642,0.8093737835863524,0.28510577873988663,0.8183743391495021,0.23387895797048358,0.8184915740942872,0.1420125458794811,0.17101635073714996,0.6255130756151204,0.9248369086041386,0.35552651927936485,0.42297362982145653,0.7898880079466843,1.353888673152176,1.0787977442271839
2009-06-30,0.8149671143940559,0.1683474468815576,0.7393904552647032,0.19413672044719638,0.7872658899841877,0.10431836464977934,0.1810354461085914,0.6140829409735634,0.949095692496933,0.3508244351815243,0.8442657250455805,0.2715562063482522,0.8272873615460686,0.22514489463433543,0.8344745511125011,0.12818815346564444,0.19007384321625262,0.6270824060351061,0.9682856567496623,0.38545084886376835,0.420373547784923,0.7983654526410959,1.3582663178596324,1.1092223432938417
2009-07-31,0.874232110743248,0.24821495653408918,0.7567502673120382,0.28052120890060617,0.796549457362315,0.1258231712324434,0.21966153790408818,0.6529175913811254,1.0206473186509026,0.33114899720260144,0.9038867396875223,0.3535235248573572,0.8450633952643491,0.3127866644010818,0.8438247851572952,0.1500203639686635,0.2286999350117494,0.6659170564426681,1.039837282903632,0.36597734696029505,0.4770741522045206,0.8946442237043386,1.4495471102184254,1.2038978165426821
2009-08-31,0.9864622012173785,0.3267912067376167,0.7954403012148179,0.34685904963264624,0.8109204270365299,0.13266487244364952,0.24122541906402636,0.6970512253449503,1.1125795946837487,0.3812595094308999,1.016640312492373,0.4336709136292705,0.8841666518086886,0.38011560469380146,0.8582703116764402,0.157185941423112,0.2502638161716876,0.710050690406493,1.131769558936478,0.4162940051148485,0.5451844767112594,0.9909553469949264,1.5457196426715498,1.315074900165235
2009-09-30,1.081164966656766,0.3919799646214053,0.8520370701265054,0.40035293761003043,0.845180138831118,0.1744516814318562,0.3135285844766295,0.7429847214304633,1.1936960462754032,0.3885151903448831,1.1117841299280686,0.5007786172514831,0.9411737075744679,0.43461035501919665,0.8927373617852508,0.1993124561700706,0.32278639637869855,0.7561995354195823,1.2136899160210155,0.42382104878862786,0.6095490364648636,1.0983226141218685,1.6342928690010041,1.3966832126568465
2009-10-30,1.032190361015409,0.3309697820755312,0.8181275088384456,0.3450936466715109,0.8496801051942806,0.1303569951941902,0.29196571286646783,0.7167916529743987,1.1363652828489303,0.3916562018575228,1.06315728981018,0.4416501778267595,0.9075457714577969,0.38024080575372793,0.8972373281484134,0.15572487766656495,0.30122352476853687,0.7300064669635177,1.1563591525945427,0.4269620603012676,0.5790862118317062,1.0556684838214296,1.643973755579408,1.4084885664255669
2009-11-30,1.0498137793077094,0.3189957231820575,0.823249552795218,0.36042216189450593,0.8389718055356236,0.1595896070856175,0.34302320214272797,0.7466347546693597,1.134451644596059,0.37009450358622525,1.0809927013193068,0.43005798180359833,0.9129405227570822,0.39658432920601816,0.8865963651788132,0.18539615799879813,0.35228101404479706,0.7599175856475991,1.1544455143416714,0.4056705684484967,0.5924349569584866,1.0611689038013594,1.672415247517535,1.4431609329739818
2009-12-31,1.0803488305742879,0.38318266821296454,0.8258507359615509,0.3866607273320385,0.8673393079909774,0.19199103528396352,0.3878262212882951,0.7831082420221351,1.1607909921825232,0.3918041189491429,1.1121031622753714,0.4945866394088116,0.9158737298146211,0.4242750424505147,0.9150977989343437,0.21826342325952994,0.39715219431562515,0.7965332542949738,1.1813290206396105,0.42754237365822406,0.6321676515116196,1.1120009751526094,1.7203370679499095,1.4974561682191212
2010-01-29,1.113036888456122,0.3730805851262522,0.8398240913141086,0.41129037577362576,0.8953376627006642,0.18049298349577597,0.41287814197178885,0.7869277685008567,1.1712314836045665,0.42825646871679324,1.1453302323006818,0.48480040383418066,0.9300507763271748,0.4501592536115244,0.9430961536440305,0.20714836435022926,0.4222041149991189,0.8003527807736953,1.1917695120616538,0.46413302644297166,0.6485527504665453,1.161324255057679,1.7505230633893456,1.5232519777795717
2010-02-26,1.0830472297231297,0.31473673995858376,0.8263039889107031,0.4043313744037178,0.8779125347736225,0.15891938727622212,0.4071401221637009,0.7674723826751362,1.1294261540440236,0.4235612028142839,1.1156724484152913,0.4266432688977923,0.9168587985798187,0.4442064705880848,0.9256710257169889,0.186173471869578,0.41646609519103095,0.7808973949479748,1.1500253055854526,0.4594973198914584,0.6340182038218176,1.1337598908883577,1.7546227333085602,1.5088121234821763
2010-03-31,1.1705851195866415,0.3837803182189168,0.8749814908598323,0.4616530227189478,0.9317584976761023,0.2075429910458898,0.4540551636623514,0.8355147127429824,1.2139054478136342,0.462770941949778,1.2035848267508524,0.4978292190584466,0.9661070619548583,0.5023221829806469,0.9797951171266126,0.23521088164111936,0.4637190094942213,0.8493113730799767,1.2354993526784976,0.498838960453288,0.7015889708383988,1.215962878257148,1.8528617648618046,1.6074773392348796
2010-04-30,1.2020177606432687,0.39688943802224785,0.8839745009804181,0.4776746307676963,0.9389836437013612,0.21716293698095507,0.44178690845415525,0.8331256450465411,1.213186893382252,0.4956791944712271,1.2355678295215506,0.5129686176589788,0.97571321348462,0.519225502580816,0.987163205421534,0.2453794146221171,0.4515260437545231,0.8469223053835354,1.2347807982471155,0.5320901449438793,0.7149567591956765,1.2390581823929376,1.8771864051910863,1.6273926154841762
2010-05-31,1.1207230797651662,0.33043414571741025,0.8404583167156608,0.43474327291872383,0.8921125050122711,0.18635748023290866,0.37662830753688314,0.775594023226823,1.1203190157798593,0.49524486743772594,1.1547588482580684,0.4475850466566734,0.9326790568599224,0.47706348198596377,0.9402920667324439,0.21490336508200847,0.386367442837251,0.789463841841419,1.1419798502966088,0.5318572786241232,0.6531154461777148,1.1628618151784518,1.8207809213835062,1.568835025184942
2010-06-30,1.1118516597868426,0.33538595924314035,0.8238203774890663,0.432211097109823,0.8552755249874402,0.1874999354206581,0.36213031360327624,0.7672147009884867,1.101263375564479,0.47785831341382395,1.146372897998961,0.45434424805262613,0.9168365796166961,0.47545194431511656,0.9036595919001892,0.21617261837881796,0.3720050498955499,0.7813002467477758,1.123320840050797,0.514544176779842,0.645066732210123,1.1304025217188056,1.8041026371614328,1.5531995523734274
2010-07-30,1.1015862312999847,0.3799304784869557,0.8557588323409615,0.45891288355484394,0.8781519385552459,0.21075343200358326,0.38819782634808553,0.8015934643453803,1.1244293165469512,0.4976612319800445,1.136442855372741,0.5004022497994445,0.9493820530631296,0.50261956083498,0.9265360054679949,0.23976360877438807,0.3980725626403592,0.8156790101046694,1.1464867810332693,0.534559620358661,0.6799770713957947,1.1694918234330076,1.8700224408519408,1.6130762413460913
2010-08-31,1.087391547749335,0.3197313040080635,0.8483176910724702,0.4434729841636594,0.8934759303392144,0.20294211872904655,0.39603139931887404,0.7792025732511194,1.0980783743280114,0.49979937373652583,1.1224957688230468,0.4415733657802806,0.942607436793733,0.4875734942020516,0.9418599972519633,0.23240527059473676,0.4059061356111477,0.7932881190104085,1.1202029974881493,0.5371516166528921,0.6635491408348309,1.142473031131752,1.8386057477784492,1.5604871706180423
2010-09-30,1.1009471105080586,0.3672541217070443,0.842560381684198,0.49183808725578826,0.8654949983011762,0.24098661431495647,0.4206831229411769,0.806671566073563,1.1464303681389219,0.5003604415376468,1.1361942501476316,0.49097222620000763,0.9374805865029733,0.5365458697100882,0.9140744132585203,0.2709537217963183,0.4307019170051097,0.8210199687299348,1.1694763212946253,0.5379241492419129,0.7166948512170636,1.18170079586476,1.9039582402251982,1.636816270821778
2010-10-29,1.1364914618297353,0.41325851014527387,0.8681501551904149,0.5206986949200562,0.9215159249558882,0.2571526386310723,0.45463887065339076,0.8430739470976287,1.1670328900849174,0.5183441376759705,1.1718817852745367,0.5387232496620192,0.9637703564945923,0.5660982078265913,0.9700953399132324,0.2876640011531247,0.46465766471732356,0.8574223497540004,1.1900788432406209,0.5560444327602699,0.7585535653396767,1.2671080539006576,1.9390681402566503,1.6829455572458425
2010-11-30,1.1334925288048983,0.44003508905326183,0.8360657625110022,0.5058136392555859,0.9017490784197013,0.25015595660353807,0.41135529690794576,0.8228366701643133,1.1479863013398015,0.5360854803689116,1.1690612509175238,0.5661747745411937,0.9322447112439923,0.5516749921796492,0.9503284933770455,0.28085886940708116,0.42137409097187856,0.837185072820685,1.1710943392066948,0.5739847671923001,0.738108134565591,1.2200993843089143,1.936702413192774,1.6677651076800268
2010-12-31,1.2058541537389158,0.528373102947517,0.9089595097263676,0.572108604667697,0.9581311179268714,0.28654804733866834,0.4446784515148785,0.9009523298681794,1.205668762565281,0.5546749692385802,1.2416357700231404,0.6559559162109995,1.0056456632374067,0.6181754712320482,1.006777293735028,0.317518402099431,0.4548347430137497,0.9153713643236603,1.2292706267060052,0.5927091586917049,0.805740836961444,1.302494256182911,2.0135597263261102,1.7363952018552442
2011-01-31,1.2227866531350675,0.5892931459656047,0.9212361669597551,0.5825801868947815,0.9587937494135663,0.2576228376279013,0.46842612845365184,0.9199311456685803,1.253779127382582,0.5944346816383999,1.2587892173227098,0.7179347931535239,1.0186031397820092,0.629124083871186,1.0074399252217228,0.2889722595505931,0.47858241995252304,0.9343501801240611,1.277380991523306,0.6327678490545658,0.8291816379710168,1.3350892255589275,2.050428418152315,1.789114074375058
2011-02-28,1.3030106543119824,0.6318894432582245,0.9682450377236325,0.6091474819312681,0.965519786292881,0.2701263359547025,0.486103617921923,0.9324009212005355,1.2949435582913844,0.6177332759677197,1.3393515900527442,0.7609757190463571,1.0663739411066573,0.6563910975383196,1.0142384220351126,0.3018522420187125,0.49625990942079423,0.9468199556560164,1.3185454224321085,0.6563363955573231,0.8508942676826061,1.3533476989657234,2.096356795120263,1.8301114036040664
2011-03-31,1.2982228488227088,0.5965689507615691,0.9723095231821244,0.6160899481613711,0.9600349649236557,0.26534043614008596,0.48383352176822575,0.9427118990671959,1.2880161929449727,0.5880141974431274,1.334832381669214,0.7270941198007372,1.0713154542327532,0.6639385008178935,1.0091335476338794,0.2975185801966366,0.4941946138048103,0.957478151289478,1.3124218428556746,0.6269443274955274,0.8549706523452589,1.3570271926114001,2.0970601027127627,1.8498368378258758
2011-04-29,1.31918376011803,0.6118801335943983,1.010228489060015,0.646756501559656,0.9837385288499135,0.28883138698482447,0.5041129444293045,0.9661764674427077,1.3109555600043257,0.6063387189191127,1.3559227997765637,0.7437526713922059,1.1100692585770855,0.6952932865566288,1.0330401668424862,0.3213404242377578,0.5144740364658891,0.9809427196649898,1.3353612099150276,0.6455322975354557,0.8823190446646263,1.3661107917380677,2.123170395547698,1.86654934616061
2011-05-31,1.3235949528732003,0.5872362002809449,1.016747684572632,0.639666120032299,0.9776071106469788,0.2873962816009422,0.501566806631292,0.9451111382237123,1.3045358200867292,0.6009260685494109,1.3605406262118023,0.7197130961427699,1.117610222762711,0.6888725570051744,1.0269753836911626,0.320034175618485,0.5119278986678766,0.9598773904459944,1.3289414699974311,0.6403347309595314,0.8705225159051597,1.340234213103238,2.10900520986615,1.8448499559791707
2011-06-30,1.2930305223039174,0.5420215191165851,0.9867233375171643,0.6156624370023639,0.9514884167812381,0.30671061680547723,0.45222561383193444,0.9223613030105309,1.268012730664364,0.5849711080729816,1.330412679856922,0.6751282858573464,1.088627677011533,0.6654605466728821,1.0010604828267935,0.33974867726224134,0.46264802693781315,0.9372625675968422,1.292736807692862,0.6246234331995894,0.8415095169303434,1.2566802819548166,2.052539713788229,1.8028534171156776
2011-07-29,1.2483012356155454,0.5066884422524587,0.9458876723823293,0.5890768170747619,0.9292869447435432,0.290004554577521,0.3981799736511377,0.8871717664008506,1.219403809784411,0.5862870027513916,1.2860146845369662,0.6410625203116668,1.0488085629580202,0.6391332648179111,0.9788590107890986,0.3232356174124466,0.40860238675701643,0.902073030987162,1.244127886812909,0.626077173683428,0.7902628274481104,1.1929627998129486,1.9896022501414483,1.7268708550554317
2011-08-31,1.1350171912654317,0.394270595387173,0.8779030631728078,0.5180475636326121,0.8718856676318079,0.23981463653955032,0.34582315229072014,0.8200041907423615,1.1445327289184044,0.5346667281843752,1.1729742184176728,0.5298034595512149,0.9816162627167299,0.5684030666905074,0.9214577336773633,0.27334386646221215,0.35624556539659885,0.8349054553286729,1.1693245930881233,0.5748901414962202,0.6894636185860736,1.121792480854839,1.884541758369836,1.6243806523526048
2011-09-30,1.0642453201109103,0.27637615656397707,0.8155344285443443,0.42837925045824216,0.833717380303422,0.17775571147201716,0.29971090446191645,0.7158406592781917,1.041643204218449,0.4949078534401918,1.1022793206786021,0.41241722890623705,0.920237229735248,0.4792616480488587,0.8834690564272106,0.21159529240748823,0.3103256457827088,0.7309314210655234,1.0669024628546442,0.5354834114586576,0.6029029198176001,1.0369714831902574,1.8411730869128573,1.5727553708702888
2011-10-31,1.128385020615003,0.3228664609962347,0.8640495443444564,0.4888521833362147,0.8664058283653636,0.2051662482519335,0.323834227054667,0.7686551607173299,1.1064883236569183,0.5188519081705767,1.1668010541662477,0.45997296459197795,0.9696751606627378,0.5404515108626542,0.9162311659183332,0.23947372502796985,0.3344489683754594,0.783812601748758,1.1317475822931136,0.5597283305915339,0.6574326192168788,1.1196136216464976,1.8977754695652906,1.6225316012626254
2011-11-30,1.0491849687562684,0.25006623643170117,0.8033939506512346,0.43795300587946784,0.8354327071396638,0.16921967491723977,0.2851680025216471,0.7326832560015518,1.031113321162145,0.4764085641489585,1.087860132591728,0.3873635195176729,0.9097287100626927,0.49006453351053564,0.8853197195260378,0.2038458040284279,0.29578274384243947,0.74784069703298,1.0563725797983403,0.5178496393172766,0.6015769671965238,1.074821156182402,1.827763025816867,1.556533866106074
2011-12-30,1.0707075030438475,0.25330504763647116,0.8179914964946028,0.42841475628963993,0.8412541799455444,0.1453636787720946,0.31634448175216023,0.7233458747642734,1.0643786690410768,0.516499200969555,1.1096378092603045,0.39182587043048256,0.925477917079266,0.48092021390789086,0.8912742596709577,0.18017771549839381,0.32709646165888856,0.738750818699677,1.0901866533310665,0.5582427469879616,0.5960455752512285,1.0832999095893747,1.8282908593910896,1.540297035839534
2012-01-31,1.16329275237461,0.32512051394868524,0.8818375078392571,0.4862266774627137,0.8741003417957954,0.17399381640501446,0.32152107944849345,0.7881390069758065,1.1001188288566746,0.5529802502173097,1.202428319919669,0.4649422837208098,0.9907370853779045,0.5393617750568898,0.9242577595702094,0.20932727666695938,0.3322730593552218,0.8036121604871643,1.1259268131466642,0.5949945500050706,0.6658844259306127,1.1807485298732376,1.9280192909851634,1.641701978511086
2012-02-29,1.2317069202086053,0.37029282259983143,0.931282590618463,0.5292552987942528,0.8845966276727945,0.20651260276211733,0.35658207317979235,0.8374705515158309,1.1904986694729704,0.5772166525392293,1.271164337887194,0.511136360312114,1.0413733241737142,0.5830830920775094,0.934888602056453,0.24240007658049967,0.3673340530865207,0.8529437050271887,1.216368370487935,0.6193655089362348,0.7139156574228387,1.2553820681059706,1.969726066464359,1.698705002978749
2012-03-30,1.2622171954795018,0.35084654630988066,0.9362371943674527,0.5301552889062092,0.8906559513680349,0.22287967262488861,0.3421978291479458,0.8488304171770905,1.179391802313601,0.5895606426021534,1.3019554686947388,0.49256175912106004,1.0473983584687487,0.5845137582968961,0.9409992972523019,0.2593031624619786,0.35307825965085504,0.8644919035247741,1.205982005998489,0.632038582229725,0.7190625912408075,1.254820181859844,1.988556229764914,1.703369243968876
